"","alder","sivstatus","jobb","ffmq1","ffmq2","ffmq3","ffmq4","ffmq5","ffmq6","ffmq7","ffmq8","ffmq9","ffmq10","ffmq11","ffmq12","ffmq13","ffmq14","ffmq15","ffmq16","ffmq17","ffmq18","ffmq19","ffmq20","ffmq21","ffmq22","ffmq23","ffmq24","ffmq25","ffmq26","ffmq27","ffmq28","ffmq29","ffmq30","ffmq31","ffmq32","ffmq33","ffmq34","ffmq35","ffmq36","ffmq37","ffmq38","ffmq39","mcqpre01","mcqpre02","mcqpre03","mcqpre04","mcqpre05","mcqpre06","mcqpre07","mcqpre08","mcqpre09","mcqpre10","mcqpre11","mcqpre12","mcqpre13","mcqpre14","mcqpre15","mcqpre16","mcqpre17","mcqpre18","mcqpre19","mcqpre20","mcqpre21","mcqpre22","mcqpre23","mcqpre24","mcqpre25","mcqpre26","mcqpre27","mcqpre28","mcqpre29","mcqpre30","ffmq12r","ffmq16r","ffmq22r","ffmq5r","ffmq8r","ffmq13r","ffmq18r","ffmq23r","ffmq28r","ffmq34r","ffmq38r","ffmq3r","ffmq10r","ffmq14r","ffmq17r","ffmq25r","ffmq30r","ffmq35r","ffmq39r","ocipre01","ocipre02","ocipre03","ocipre04","ocipre05","ocipre06","ocipre07","ocipre08","ocipre09","ocipre10","ocipre11","ocipre12","ocipre13","ocipre14","ocipre15","ocipre16","ocipre17","ocipre18","gad1","gad2","gad3","gad4","gad5","gad6","gad7","phq1","phq2","phq3","phq4","phq5","phq6","phq7","phq8","phq9","PHQTOTAL","GADTOTAL","OBSERVE","DESCRIBE","AWARENESS","NONJUDGE","NONREACT","mcqPWBpre","mcqBUDpre","mcqBCCpre","mcqGNBpre","mcqCSCpre","mcqPREtotal","ociWashingPre","ociObsessionsPre","ociHoardingPre","ociOrderingPre","ociCheckingPre","ociNeutralizingPre","ociTOTALPre","kjonn"
"1",64,3,2,1,1,1,1,1,1,1,1,1,1,1,1,1,1,1,1,1,1,1,1,1,1,1,1,1,1,1,1,1,1,1,1,1,1,1,1,1,1,1,1,1,1,1,1,1,1,1,1,1,1,1,1,1,1,1,1,1,1,1,1,1,1,1,1,1,1,1,1,1,5,5,5,5,5,5,5,5,5,5,5,5,5,5,5,5,5,5,5,0,0,0,0,0,0,0,0,0,0,0,0,0,0,0,0,0,0,NA,NA,NA,NA,NA,NA,NA,0,0,0,0,0,0,0,0,0,0,NA,8,20,40,40,7,6,6,6,6,6,30,0,0,0,0,0,0,0,1
"2",25,3,3,1,4,1,3,1,3,5,1,3,1,1,1,1,1,4,1,1,1,4,4,3,1,1,4,1,3,5,1,4,1,4,5,4,1,1,3,3,1,1,1,1,2,1,1,1,1,1,1,1,1,1,1,1,1,1,1,1,1,1,1,1,1,4,1,1,1,1,1,1,5,5,5,5,5,5,5,5,5,5,5,5,5,5,5,5,5,5,5,0,1,0,0,0,0,0,0,0,0,0,0,0,0,0,0,0,0,0,0,0,0,0,0,0,0,0,0,0,0,0,0,0,0,0,0,23,37,40,40,25,6,6,9,6,7,34,0,0,0,0,1,0,1,2
"3",21,1,3,2,4,3,2,3,3,5,2,5,3,4,2,3,2,3,2,2,2,3,3,3,2,3,3,2,3,4,3,2,2,3,4,2,3,2,3,4,3,3,2,2,3,1,3,1,2,1,1,1,1,3,1,2,1,1,1,2,1,1,1,1,2,2,1,1,1,1,1,2,4,4,4,3,4,3,4,3,3,3,3,3,3,4,4,4,4,4,3,0,1,0,0,0,0,0,0,0,0,0,0,1,0,0,1,0,0,0,0,0,0,0,0,0,0,0,0,0,0,0,0,0,0,0,0,24,33,26,29,20,9,7,8,6,14,44,0,0,1,0,1,1,3,2
"4",26,2,3,2,4,2,4,2,4,4,1,3,2,3,2,2,1,4,2,2,2,2,4,1,2,2,4,2,4,3,3,3,2,3,3,3,2,2,3,4,3,4,1,1,1,2,1,3,1,1,1,1,1,3,3,1,1,2,1,2,1,2,1,1,1,1,2,1,1,1,1,1,4,4,4,4,5,4,4,4,3,4,3,4,4,5,4,4,4,4,2,0,0,0,0,0,0,0,0,0,0,0,0,0,0,0,0,0,0,0,0,0,0,0,0,0,0,0,0,0,0,0,0,0,0,0,0,27,30,31,31,20,6,7,6,12,10,41,0,0,0,0,0,0,0,1
"5",19,1,4,1,4,1,3,5,1,5,5,4,1,5,1,3,4,3,2,1,4,2,3,3,1,3,5,1,1,4,4,3,2,3,5,3,2,2,5,4,4,2,2,1,3,2,4,1,2,1,1,2,1,3,1,1,1,1,1,3,1,1,1,1,2,1,1,3,1,1,1,3,5,4,5,1,1,3,2,3,2,4,2,5,5,2,5,5,4,4,4,0,1,0,0,0,0,0,1,0,0,0,2,3,1,0,0,0,0,0,0,0,0,0,0,0,0,0,0,0,0,0,0,0,0,0,0,22,36,18,34,23,10,7,8,6,17,48,0,2,3,0,3,0,8,2
"6",55,3,1,1,4,1,3,1,4,5,1,4,2,1,1,1,1,5,3,2,1,4,4,2,2,1,5,1,5,4,1,5,1,4,5,4,1,1,3,5,1,4,2,1,2,1,2,3,2,1,1,2,1,4,4,1,1,1,1,1,1,3,2,1,1,1,3,1,2,1,1,1,5,3,4,5,5,5,5,5,5,5,5,5,4,5,4,5,5,5,2,0,1,2,0,1,0,1,1,0,0,0,0,1,2,1,0,0,0,0,0,0,0,0,0,0,0,0,0,0,0,0,0,0,0,0,0,27,35,40,35,27,9,7,6,16,11,49,1,0,2,3,4,0,10,2
"7",25,1,8,2,2,1,4,3,2,3,1,4,1,1,3,3,1,3,3,1,2,1,5,1,4,1,1,1,4,4,1,5,1,3,3,5,1,1,3,2,1,1,1,1,2,1,1,1,1,1,1,1,1,2,3,2,1,2,3,1,1,2,1,1,1,1,1,2,1,1,1,1,3,3,2,3,5,3,4,5,5,5,5,5,5,5,5,5,5,5,5,1,2,1,0,0,0,1,0,1,0,1,0,1,0,1,0,2,0,0,0,0,0,0,0,0,0,0,0,1,0,0,0,0,0,1,0,23,22,35,40,21,6,6,10,9,9,40,3,0,3,3,2,0,11,1
"8",24,2,3,1,2,1,1,4,2,1,3,1,1,1,1,3,2,2,2,1,1,1,3,1,2,2,3,1,2,1,1,1,1,2,1,3,1,1,1,1,3,1,1,1,1,1,1,1,1,1,1,1,3,3,1,2,1,1,1,1,1,1,2,1,1,2,1,1,1,1,1,1,5,4,4,2,3,3,5,4,5,5,3,5,5,4,5,5,5,5,5,1,0,0,1,0,0,1,0,0,0,0,0,0,0,0,1,0,0,0,0,0,0,0,0,0,1,0,0,0,0,0,0,0,0,1,0,14,19,30,39,11,6,9,8,6,8,37,0,0,2,0,0,2,4,2
"9",26,3,4,2,4,1,3,3,1,3,1,4,2,4,2,2,1,3,3,1,1,4,3,2,3,2,4,1,3,3,3,4,1,2,4,4,3,1,3,3,3,2,1,2,2,1,1,1,1,1,1,1,1,1,1,2,1,1,1,2,1,1,1,1,1,1,1,1,1,1,1,1,4,3,3,3,5,4,5,4,3,3,3,5,4,5,5,5,5,5,4,0,0,0,0,0,0,0,0,0,0,0,0,0,0,0,0,0,0,0,0,0,0,0,0,0,0,0,0,0,1,0,0,0,0,1,0,21,27,30,38,25,6,7,7,6,8,34,0,0,0,0,0,0,0,2
"10",52,4,1,3,3,3,4,3,4,2,2,4,1,4,4,3,2,5,3,2,2,3,4,5,3,3,3,2,5,3,2,4,2,4,2,3,2,3,3,2,4,3,1,2,2,1,3,1,1,3,4,1,4,1,1,3,1,1,2,2,1,1,2,1,1,2,1,2,1,1,3,1,2,3,3,3,4,3,4,3,4,4,2,3,5,4,4,4,4,3,3,0,0,0,0,0,3,1,0,0,0,1,0,0,0,1,1,0,0,0,0,0,0,0,0,0,0,0,0,0,0,0,1,0,0,1,0,32,20,27,30,26,6,14,15,6,10,51,1,3,1,1,0,1,7,1
"11",43,3,1,3,4,2,2,2,1,4,1,4,2,1,1,3,1,4,1,1,1,3,3,2,2,2,4,2,4,4,3,4,1,5,4,4,1,1,4,3,2,1,1,1,1,1,2,1,1,2,1,1,1,2,1,2,1,1,2,1,1,1,1,1,1,1,1,1,1,1,1,1,5,5,4,4,5,3,5,4,3,5,4,4,4,5,5,4,5,5,5,1,1,0,0,0,0,0,0,0,0,0,0,1,0,0,0,0,0,0,0,0,0,0,0,0,0,0,0,1,0,0,0,0,0,1,0,25,33,33,37,23,6,6,9,6,8,35,0,0,2,0,1,0,3,2
"12",26,2,3,3,4,1,4,2,2,4,2,4,1,2,2,2,1,4,2,1,1,3,4,3,3,2,4,1,4,3,2,4,1,4,4,3,2,1,4,4,2,1,2,1,3,1,3,1,1,1,1,1,1,2,1,2,1,1,1,2,1,1,1,1,1,3,1,1,1,1,1,1,4,4,3,4,4,4,5,4,4,4,4,5,5,5,5,5,5,5,5,0,0,0,0,0,0,0,0,0,0,0,0,1,1,1,0,0,0,0,0,0,0,0,0,0,0,0,0,1,1,0,0,0,0,2,0,27,30,33,40,25,7,6,9,6,12,40,0,0,1,1,1,0,3,2
"13",56,3,2,1,5,1,4,2,4,5,1,5,1,5,1,1,1,5,1,2,1,1,5,2,1,1,1,1,5,5,1,4,1,5,5,4,1,1,5,5,1,1,1,3,1,1,4,1,1,1,1,1,1,3,2,1,1,1,1,2,1,1,2,1,1,1,1,1,2,1,1,2,5,5,5,4,5,5,5,5,5,5,5,5,5,5,4,5,5,5,5,0,0,1,0,0,0,1,0,0,0,0,0,0,0,1,0,0,1,0,0,0,0,0,0,0,0,0,1,1,0,0,0,0,0,2,0,35,40,39,39,21,6,9,6,8,13,42,0,1,1,2,0,0,4,2
"14",53,3,1,2,3,1,3,2,1,3,1,2,1,1,3,3,1,2,2,1,2,1,3,2,3,1,4,4,4,2,2,1,1,3,4,1,2,1,1,2,1,1,1,1,1,1,2,1,1,1,1,1,1,3,1,2,1,1,1,1,1,1,1,1,1,1,1,1,2,1,1,1,3,4,3,4,5,3,4,5,4,4,5,5,5,5,5,2,5,5,5,1,0,0,0,0,0,1,0,0,0,0,0,1,0,0,0,0,0,0,0,0,0,0,0,0,1,0,1,0,0,0,0,0,0,2,0,17,24,34,37,14,6,6,7,7,9,35,0,0,3,0,0,0,3,2
"15",26,1,3,4,4,1,4,3,5,4,2,4,1,3,1,2,1,5,2,1,1,1,5,3,1,1,5,1,5,5,2,1,1,5,5,5,1,1,4,3,3,1,1,2,3,2,2,1,1,1,1,1,1,2,1,2,1,2,1,2,1,1,1,1,1,1,1,1,1,1,1,2,5,4,5,3,4,4,5,5,4,5,3,5,5,5,5,5,5,5,5,0,0,1,1,0,0,0,0,1,0,1,0,1,0,1,0,0,0,0,0,0,0,0,0,0,0,0,1,1,1,0,0,0,0,3,0,36,35,33,40,23,6,8,7,6,13,40,1,0,1,3,0,1,6,1
"16",66,3,1,1,5,1,3,2,4,5,1,1,1,1,1,1,1,5,1,1,1,1,5,2,1,1,5,1,5,5,1,5,1,5,5,5,3,1,3,5,3,1,1,3,1,4,1,1,1,2,1,1,1,2,1,3,1,1,2,1,1,1,1,1,1,2,1,1,1,1,1,1,5,5,5,4,5,5,5,5,5,3,3,5,5,5,5,5,5,5,5,0,0,0,0,0,0,2,0,0,0,0,0,1,0,0,0,0,0,0,0,0,0,0,0,0,1,0,1,1,0,0,0,0,0,3,0,29,40,35,40,22,6,11,11,6,7,41,0,0,3,0,0,0,3,2
"17",36,3,1,1,5,2,4,2,2,5,2,4,1,4,1,2,1,3,2,3,1,4,4,3,2,1,4,2,3,4,3,4,2,4,4,2,2,2,2,4,2,2,2,1,1,2,2,1,3,2,1,2,1,3,1,2,1,2,3,1,1,2,1,1,2,1,2,1,2,2,1,1,5,4,4,4,4,4,5,5,3,4,4,4,5,5,3,4,4,4,4,1,1,1,0,0,0,1,1,1,0,0,1,2,0,1,0,0,0,0,0,0,0,0,0,0,0,0,1,1,1,0,0,0,0,3,0,23,35,33,33,25,12,7,10,9,10,48,0,1,4,3,2,0,10,2
"18",25,1,3,1,4,1,4,2,2,5,3,3,1,2,2,2,1,3,2,2,2,3,4,4,2,2,3,2,3,4,1,4,1,3,3,3,1,1,3,2,2,1,1,1,2,1,1,1,1,4,1,1,2,1,1,1,1,1,1,1,1,1,1,1,1,1,1,1,1,1,1,1,4,4,4,4,3,4,4,4,5,5,4,5,5,5,4,4,5,5,5,0,0,0,0,0,0,0,0,0,0,0,1,0,0,0,0,0,0,0,0,0,0,0,0,0,1,0,1,1,0,1,0,0,0,4,0,21,30,33,38,24,6,7,9,6,7,35,0,1,0,0,0,0,1,1
"19",25,1,2,2,4,3,4,3,4,4,3,4,2,2,2,3,1,4,2,4,2,4,4,3,2,3,5,3,5,4,3,4,2,5,4,4,3,2,4,4,3,3,1,1,2,1,2,1,2,2,1,1,1,3,2,2,1,1,1,2,1,1,1,1,2,1,2,2,2,1,1,2,4,4,4,3,3,3,4,3,3,3,3,3,4,5,2,3,4,4,3,0,1,1,0,1,0,2,0,1,0,1,0,1,0,0,0,1,0,0,0,0,0,0,0,0,0,0,1,1,0,1,1,0,0,4,0,30,32,25,28,28,8,6,9,9,12,44,3,0,3,2,1,0,9,2
"20",66,3,7,2,3,1,4,1,2,4,2,2,1,3,1,1,1,2,1,2,1,4,1,3,2,3,1,1,2,4,3,2,1,4,4,3,2,1,2,2,4,3,1,3,1,2,1,1,1,1,1,1,1,3,3,2,1,1,1,1,1,3,1,1,1,1,1,1,2,1,1,1,5,5,4,5,4,5,5,3,3,4,2,5,5,5,4,5,5,5,3,3,1,0,1,0,0,1,0,0,0,0,0,1,0,0,0,0,1,0,0,0,0,0,0,0,1,0,1,1,1,0,0,0,0,4,0,18,31,31,37,19,6,9,7,11,8,41,0,1,5,0,1,1,8,1
"21",22,2,3,2,4,1,4,4,2,4,3,3,2,4,2,3,1,4,1,1,2,2,2,3,2,3,4,3,4,4,3,3,2,4,4,3,3,2,4,4,3,2,1,2,3,3,3,1,1,1,1,1,1,3,2,2,1,2,1,2,1,1,2,1,1,2,1,1,2,1,1,1,4,5,4,2,3,3,4,3,3,3,3,5,4,5,5,3,4,4,4,1,1,1,0,0,0,1,0,0,0,0,0,0,0,0,0,0,0,0,0,0,0,0,0,0,1,0,1,1,2,0,1,0,0,6,0,26,33,24,34,22,6,10,8,8,14,46,0,0,2,1,1,0,4,2
"22",25,1,3,1,4,2,2,4,1,5,3,4,2,2,1,4,1,2,1,1,4,3,2,2,2,2,5,1,3,4,4,3,2,2,5,3,2,1,3,3,2,1,1,1,2,1,1,1,1,2,1,2,1,1,1,2,1,1,3,1,1,1,1,1,1,2,2,1,2,2,2,1,5,5,4,2,3,2,2,4,2,4,4,4,4,5,5,5,4,5,5,0,0,0,0,0,0,0,0,0,0,0,0,0,0,0,0,0,0,0,0,0,0,0,0,0,1,0,1,2,0,1,1,0,0,6,0,16,35,23,37,22,8,6,12,8,7,41,0,0,0,0,0,0,0,2
"23",20,1,1,2,3,4,4,3,5,4,3,3,1,5,3,3,2,4,3,2,2,5,3,2,3,3,4,1,4,3,3,5,3,3,2,4,3,3,5,5,3,3,4,2,4,4,3,3,4,2,2,3,4,2,3,3,4,3,2,3,2,4,2,3,3,3,3,3,3,3,3,2,3,3,3,3,3,3,4,3,3,3,3,2,5,4,4,5,3,3,3,0,1,1,0,0,1,1,0,0,0,0,1,2,2,1,0,0,0,0,0,0,0,0,0,0,1,0,0,1,1,1,1,1,1,7,0,31,26,25,29,27,19,18,16,19,17,89,0,2,3,2,3,0,10,1
"24",65,3,2,3,4,1,3,3,3,5,1,3,1,2,1,2,1,4,1,1,1,3,4,3,2,1,4,1,4,4,3,3,1,4,4,4,2,1,2,3,1,1,1,1,1,1,3,1,1,1,1,1,1,3,1,3,1,2,1,2,1,1,1,1,1,1,1,1,1,1,1,1,5,5,4,3,5,4,5,5,3,4,5,5,5,5,5,5,5,5,5,2,1,0,0,0,0,0,0,0,0,0,0,1,1,0,0,0,0,0,0,1,0,0,0,0,0,0,0,0,0,0,0,0,0,0,1,26,34,34,40,23,6,6,8,6,12,38,0,0,3,0,2,0,5,2
"25",21,1,3,3,4,2,3,3,3,4,2,4,2,5,1,2,1,5,2,1,2,5,4,3,2,1,4,1,4,4,2,4,2,4,5,3,2,1,4,4,1,1,2,1,4,1,2,2,3,1,1,2,1,1,1,1,1,1,1,2,1,1,1,1,2,1,2,1,1,1,1,1,5,4,4,3,4,4,4,5,4,4,5,4,4,5,5,5,4,5,5,1,0,1,0,0,0,0,0,1,0,0,0,1,0,0,0,0,0,1,0,0,0,0,0,0,0,0,0,0,0,0,0,0,0,0,1,32,34,33,37,26,11,6,6,8,11,42,0,0,2,2,0,0,4,2
"26",25,2,3,3,4,2,3,3,2,4,2,3,2,1,2,2,2,3,2,2,4,3,3,2,2,2,3,1,3,4,2,2,2,4,4,3,2,2,3,3,3,2,1,2,3,1,3,1,1,2,1,1,1,2,1,2,1,1,2,2,1,1,1,1,1,2,1,1,2,1,1,1,4,4,4,3,4,4,2,4,4,4,3,4,4,4,4,5,4,4,4,2,0,0,0,0,0,2,0,0,0,0,0,2,0,1,3,0,0,1,0,0,0,0,0,0,0,0,1,0,0,0,0,0,0,1,1,22,31,28,33,19,6,7,10,7,12,42,0,0,6,1,0,3,10,2
"27",23,3,3,1,5,1,4,2,1,5,1,4,1,1,1,3,1,1,1,1,1,1,1,1,1,1,5,1,1,4,3,3,1,1,5,3,2,1,3,5,1,1,1,1,1,3,1,1,1,1,1,1,1,3,1,1,1,1,1,1,1,1,1,1,1,1,1,1,3,1,1,1,5,5,5,4,5,3,5,5,3,4,5,5,5,5,5,5,5,5,5,0,0,0,0,0,0,0,0,0,0,0,0,0,0,0,0,0,0,0,0,0,0,0,1,0,0,0,0,0,1,0,0,0,0,1,1,10,39,34,40,21,6,8,6,8,8,36,0,0,0,0,0,0,0,2
"28",36,1,2,3,4,2,5,2,1,3,4,5,3,2,3,4,1,4,2,1,2,5,3,4,2,4,5,2,5,3,2,4,2,2,3,4,3,3,4,3,4,1,1,1,2,1,4,1,1,2,1,1,1,3,1,2,1,1,1,3,1,1,1,1,1,2,1,1,2,1,3,2,3,4,4,4,2,2,4,2,4,3,2,4,3,5,5,4,4,3,5,1,1,0,0,0,0,2,1,0,0,0,0,2,2,2,0,0,0,0,0,0,0,1,0,0,0,0,0,0,1,0,0,0,0,1,1,24,27,23,33,32,6,6,11,7,15,45,0,0,5,2,4,0,11,1
"29",25,2,3,3,4,2,3,3,4,4,2,4,2,3,2,3,1,4,2,2,2,2,2,2,2,2,2,1,4,4,2,2,1,4,4,4,2,2,2,4,2,2,1,1,1,1,2,1,1,1,1,1,1,2,1,3,1,1,2,1,1,1,1,1,1,1,1,1,1,1,1,1,4,4,4,3,4,3,4,4,4,4,4,4,4,5,4,5,5,4,4,0,0,1,0,0,1,0,0,1,0,0,0,0,0,1,0,0,0,1,0,0,0,0,0,0,0,0,0,1,1,0,0,0,0,2,1,26,32,30,35,19,6,6,9,6,8,35,0,1,0,3,0,0,4,2
"30",26,1,3,1,4,3,5,2,1,4,1,3,3,1,1,2,1,3,1,3,2,4,5,3,1,3,4,3,5,5,3,5,2,5,5,5,2,2,5,5,4,5,1,1,3,1,2,1,1,2,1,1,1,3,1,2,1,2,1,2,1,1,1,1,1,1,1,1,1,1,1,1,5,5,5,4,5,4,4,3,3,4,2,3,3,5,3,3,4,4,1,0,1,0,0,0,0,0,0,0,0,0,0,1,0,1,0,0,0,0,0,0,0,1,0,0,0,0,1,1,0,0,0,0,0,2,1,26,38,29,26,29,6,6,8,6,13,39,0,0,1,1,1,0,3,2
"31",56,3,1,3,3,2,4,3,2,4,4,4,3,3,2,2,2,3,2,2,2,4,3,4,2,2,4,2,3,4,2,3,2,3,4,3,2,3,3,3,2,2,1,2,2,1,3,1,1,1,1,1,1,2,2,2,1,1,1,2,1,1,2,1,1,2,2,2,2,2,1,1,4,4,4,3,2,4,4,4,4,4,4,4,3,4,4,4,4,3,4,0,1,0,1,0,1,0,1,0,0,0,0,0,0,0,1,0,0,0,0,0,0,0,1,0,0,0,1,1,0,0,0,0,0,2,1,23,30,29,30,26,7,8,9,9,11,44,0,1,0,0,2,2,5,2
"32",57,4,1,4,4,1,4,3,4,5,2,3,2,4,2,1,1,5,2,4,2,4,4,4,2,5,4,2,5,4,2,4,1,5,5,4,2,4,4,4,2,1,2,3,3,2,4,1,2,1,1,2,2,3,1,2,1,2,1,3,1,1,3,1,1,1,1,1,1,1,1,3,4,4,4,3,4,5,4,1,4,4,4,5,4,5,2,4,5,2,5,1,0,0,0,0,0,0,0,0,0,0,0,1,0,0,0,0,0,0,0,0,1,0,0,0,0,0,0,1,0,1,0,0,0,2,1,35,34,29,32,27,9,12,7,6,18,52,0,0,2,0,0,0,2,2
"33",24,3,3,1,4,2,4,3,1,4,2,4,1,1,2,3,1,2,1,1,2,1,2,2,1,1,4,2,3,3,2,3,2,3,4,3,3,1,4,4,2,2,1,2,2,2,1,1,1,1,1,1,1,1,1,2,2,1,1,1,1,1,1,1,1,3,1,1,1,2,1,1,4,5,5,3,4,3,4,5,4,3,4,4,5,5,5,4,4,5,4,0,1,0,0,0,0,0,1,0,0,0,0,0,0,0,0,0,0,0,0,1,0,0,0,0,0,0,1,1,0,0,0,0,0,2,1,17,33,30,36,21,7,9,9,6,7,38,0,0,0,0,2,0,2,2
"34",36,3,1,3,4,3,3,3,4,4,2,3,3,4,2,2,1,5,1,5,1,4,5,2,1,2,4,4,4,4,3,3,2,3,5,2,1,1,4,4,3,2,2,2,2,3,3,1,1,1,1,3,2,3,3,1,1,2,1,3,1,1,1,1,1,1,1,1,1,1,1,1,4,5,5,3,4,4,5,4,3,5,3,3,3,5,1,2,4,5,4,0,1,1,0,0,0,0,1,0,0,1,1,0,0,1,1,0,0,1,0,0,0,0,0,0,1,1,0,1,0,0,0,0,0,3,1,32,35,31,27,21,9,10,6,8,14,47,1,1,0,2,2,1,7,1
"35",24,1,1,1,4,2,2,2,1,3,1,2,2,2,1,1,2,1,1,2,1,1,1,1,1,2,2,2,1,2,2,1,2,1,4,2,2,2,2,2,2,2,1,1,2,1,1,1,1,1,1,1,1,1,1,1,1,1,1,1,1,1,1,1,1,1,1,1,1,1,1,1,5,5,5,4,5,5,5,4,4,4,4,4,4,4,4,4,4,4,4,1,1,0,0,0,0,1,0,0,0,0,0,1,0,0,0,0,0,0,0,0,0,0,1,0,1,1,0,1,0,1,0,0,0,4,1,10,30,35,32,11,6,6,6,6,7,31,0,0,3,0,1,0,4,2
"36",25,2,1,3,2,2,3,5,3,4,1,1,1,4,2,5,3,3,3,2,3,4,2,3,3,1,5,1,3,3,3,2,1,2,4,5,2,1,4,3,3,1,1,1,2,2,3,1,1,2,2,1,2,3,1,1,1,2,1,1,1,1,1,1,1,1,4,1,4,2,1,1,4,3,3,1,5,1,3,5,3,4,3,4,5,3,4,5,5,5,5,0,0,0,0,0,0,1,0,0,0,1,0,0,0,1,0,0,0,0,0,0,0,0,1,0,1,0,1,1,0,1,0,0,0,4,1,24,26,25,36,23,7,9,7,12,12,47,1,0,1,1,0,0,3,1
"37",25,3,3,1,4,1,4,3,1,4,1,4,1,1,1,2,1,2,1,2,1,1,1,1,1,1,1,1,1,3,1,1,1,2,4,3,2,1,2,4,2,1,1,1,1,1,1,1,1,2,1,1,1,1,1,2,1,1,2,2,1,1,1,1,1,1,1,1,1,1,1,1,5,5,5,3,5,4,5,5,5,4,4,5,5,5,4,5,5,5,5,0,0,0,0,0,0,0,0,0,0,0,0,0,0,0,0,0,0,0,0,0,0,0,1,0,1,1,0,1,1,0,0,0,0,4,1,11,34,35,39,15,6,6,9,6,7,34,0,0,0,0,0,0,0,2
"38",23,1,1,2,2,1,3,4,2,2,1,1,1,1,1,3,1,3,1,3,2,2,4,2,2,1,1,1,4,1,1,1,1,4,2,1,1,1,1,1,3,1,3,1,1,1,1,1,1,1,1,1,1,3,1,2,1,1,1,1,1,1,1,1,1,1,1,1,1,1,1,1,5,5,4,2,5,3,4,5,5,5,3,5,5,5,3,5,5,5,5,0,3,1,0,0,0,0,0,1,0,0,0,0,0,0,0,0,0,1,0,0,0,0,0,0,0,0,1,1,1,1,0,0,0,4,1,21,22,32,38,11,8,6,7,6,8,35,0,0,0,2,3,0,5,2
"39",21,1,3,2,4,1,5,3,3,5,1,5,1,2,1,1,1,5,1,1,2,4,3,4,1,3,4,1,1,1,1,1,1,1,4,1,1,2,4,3,1,1,1,2,4,2,2,1,1,1,1,1,1,2,1,1,1,1,1,2,1,1,1,1,1,1,1,1,1,1,1,1,5,5,5,3,5,5,4,3,5,5,5,5,5,5,5,5,5,4,5,0,1,0,0,1,0,0,0,0,0,2,0,0,1,0,0,0,0,1,0,0,0,0,0,0,1,0,2,2,0,0,0,0,0,5,1,21,32,35,39,24,6,8,6,6,12,38,3,0,0,0,2,0,5,1
"40",52,3,2,1,4,3,3,1,1,4,1,3,3,4,1,1,1,3,1,3,1,3,3,2,1,2,4,4,3,5,3,3,4,4,5,3,2,3,3,5,3,3,2,3,3,2,2,1,1,2,3,2,2,2,1,2,3,2,4,2,1,1,1,1,1,3,1,2,1,1,1,2,5,5,5,5,5,5,5,4,3,4,3,3,3,5,3,2,2,3,3,0,0,1,1,0,1,1,0,1,0,0,0,1,0,0,1,0,1,0,0,1,0,0,0,0,0,0,1,1,1,1,0,1,0,5,1,22,38,34,24,21,8,14,14,6,13,55,0,2,2,2,0,2,8,1
"41",55,3,1,1,3,1,1,1,1,1,1,1,1,1,2,1,1,1,1,1,1,1,1,1,1,1,3,2,1,3,2,3,1,1,1,3,1,1,1,1,1,1,1,1,1,1,1,1,1,1,1,1,1,2,1,1,1,1,1,1,1,1,1,1,1,1,1,1,1,1,1,1,4,5,5,5,5,5,5,5,4,5,5,5,5,5,5,4,5,5,5,1,0,0,0,0,0,0,0,0,0,0,0,0,0,0,0,0,0,0,0,1,0,0,0,0,1,1,1,1,0,1,0,0,0,5,1,8,23,39,39,13,6,6,6,6,7,31,0,0,1,0,0,0,1,1
"42",21,2,3,1,4,1,1,1,2,4,1,3,1,1,1,1,1,3,1,1,1,3,2,3,1,1,4,1,1,4,1,3,2,5,3,4,1,1,3,3,1,1,1,1,2,1,2,1,1,1,1,1,2,2,1,1,1,1,1,2,1,1,1,1,1,1,1,1,2,1,1,1,5,5,5,5,5,5,5,5,5,5,5,5,5,5,5,5,4,5,5,0,0,0,0,0,0,0,0,0,0,0,0,0,0,0,0,0,0,0,0,0,0,0,1,0,1,1,1,1,1,0,1,0,0,6,1,18,33,40,39,21,6,7,6,7,10,36,0,0,0,0,0,0,0,1
"43",22,1,2,1,1,3,1,2,4,2,2,1,1,1,1,3,1,4,1,1,1,3,4,5,1,2,3,3,3,2,3,2,2,1,1,2,2,3,1,1,1,1,2,1,2,1,1,1,1,4,2,1,3,2,1,3,1,1,3,1,1,1,1,1,1,2,1,3,1,1,2,1,5,5,5,4,4,3,5,4,3,4,5,3,5,5,5,3,4,3,5,1,1,0,0,0,1,0,0,0,0,0,0,0,0,0,0,0,0,0,0,1,0,0,0,0,1,0,2,2,2,1,0,0,0,8,1,19,22,32,33,17,7,9,17,6,8,47,0,1,1,0,1,0,3,1
"44",23,1,3,3,1,4,3,5,2,1,5,3,1,5,5,5,2,2,5,3,4,3,2,4,3,4,3,1,3,2,3,1,2,2,2,2,1,3,4,1,4,4,1,1,3,1,1,2,3,1,2,2,3,3,2,3,1,2,4,1,1,2,3,2,2,4,2,4,3,1,3,1,1,1,3,1,1,1,2,2,3,5,2,2,5,4,3,5,4,3,2,0,0,0,0,0,1,2,0,0,0,0,1,1,0,0,0,0,0,0,0,1,0,0,0,0,2,2,2,0,1,3,2,0,0,12,1,23,12,17,28,19,10,11,19,13,11,64,0,2,3,0,0,0,5,2
"45",24,2,2,1,4,2,4,2,4,3,2,4,3,2,2,3,2,5,1,3,2,2,4,3,2,1,4,3,3,4,3,3,2,1,3,2,3,3,3,4,3,2,1,1,2,1,2,1,1,2,1,1,2,1,1,3,1,1,2,1,1,1,1,1,1,3,2,2,1,2,1,1,4,5,4,4,4,3,4,5,3,3,3,4,3,4,3,3,4,3,4,0,0,0,0,0,0,1,0,0,0,0,0,1,0,0,1,0,0,0,0,0,1,0,1,0,0,0,0,0,0,0,0,0,0,0,2,23,31,29,28,22,7,7,13,7,8,42,0,0,2,0,0,1,3,1
"46",62,1,7,1,5,1,2,1,1,5,1,5,1,5,5,1,1,5,1,1,1,1,5,1,1,1,1,1,5,5,1,1,1,5,5,5,1,1,5,5,1,5,2,1,1,1,2,1,1,1,1,2,1,3,1,1,1,1,1,1,1,1,1,1,2,1,1,1,1,1,1,1,1,5,5,5,5,5,5,5,5,5,5,5,5,5,5,5,5,5,1,0,0,1,0,0,0,0,0,1,0,0,0,0,0,1,0,0,0,0,0,1,0,0,1,0,0,0,0,0,0,0,0,0,0,0,2,32,36,40,36,16,9,6,6,6,9,36,0,0,0,3,0,0,3,1
"47",26,2,3,1,4,2,3,2,2,5,2,3,1,2,2,2,1,3,2,1,2,4,3,3,2,1,4,2,3,4,2,4,1,2,4,4,2,1,5,4,2,2,1,1,3,1,3,2,3,2,1,3,2,3,2,2,1,1,1,2,1,2,1,1,2,1,1,1,1,2,1,1,4,4,4,4,4,4,4,5,4,4,4,4,5,5,5,4,5,5,4,0,0,1,0,0,0,1,0,0,0,0,1,1,0,0,0,0,0,1,0,1,0,0,0,0,0,1,0,1,0,0,0,0,0,2,2,21,33,33,37,25,12,7,8,9,13,49,0,1,2,1,0,0,4,2
"48",25,1,3,1,5,2,4,3,3,4,3,4,2,4,1,4,1,5,1,2,3,3,4,2,2,2,4,3,4,4,2,4,1,4,5,3,1,3,4,3,3,4,2,3,3,1,3,1,2,3,1,2,2,3,2,1,1,1,1,1,2,2,1,1,3,1,1,1,1,3,1,1,5,5,4,3,3,2,3,4,4,5,3,4,4,5,4,3,5,3,2,0,1,1,0,0,0,0,0,0,0,0,0,0,0,0,0,0,0,0,0,1,0,1,0,0,0,0,0,1,1,0,0,0,0,2,2,29,35,27,30,24,14,9,8,8,12,51,0,0,0,1,1,0,2,2
"49",57,3,2,3,5,1,4,3,3,5,2,5,1,4,1,2,1,5,1,4,2,4,4,4,1,1,5,1,4,4,3,3,1,5,5,3,3,1,4,5,2,1,2,2,2,2,3,1,1,1,1,2,2,3,1,1,1,1,1,2,1,1,1,1,2,1,1,1,2,2,1,1,5,5,5,3,4,4,4,5,3,3,4,5,5,5,2,5,5,5,5,1,0,1,0,0,0,1,0,1,0,0,0,1,0,1,0,0,0,0,0,1,1,0,0,0,1,0,1,0,0,0,0,0,0,2,2,32,39,30,37,28,10,9,6,7,12,44,0,0,3,3,0,0,6,2
"50",25,1,3,2,4,3,4,3,1,4,2,2,3,1,2,4,1,4,2,1,2,1,3,3,2,3,3,2,4,5,3,5,1,1,5,5,2,1,4,5,3,1,1,1,3,1,1,1,1,1,1,1,2,1,1,3,1,1,2,1,1,1,1,1,2,1,1,2,1,1,1,1,4,4,4,3,4,2,4,3,3,4,3,3,3,5,5,4,5,5,5,0,0,0,0,0,0,1,0,0,0,0,0,1,0,0,0,0,0,1,0,0,1,0,0,0,0,0,0,0,1,1,0,0,0,2,2,20,35,26,35,23,7,7,10,6,8,38,0,0,2,0,0,0,2,2
"51",22,1,3,1,1,1,3,3,1,3,2,3,1,1,1,3,2,1,2,1,2,3,2,2,1,2,3,1,1,1,1,3,1,2,2,2,1,1,2,1,2,1,1,1,2,1,1,1,1,1,1,1,1,1,1,1,1,1,1,1,1,1,1,1,1,1,1,1,1,1,1,1,5,4,5,3,4,3,4,4,5,5,4,5,5,4,5,5,5,5,5,0,0,0,0,0,0,0,0,0,0,0,0,0,0,0,0,0,0,0,0,1,1,0,0,0,1,0,0,0,0,0,1,0,0,2,2,11,22,32,39,19,6,6,6,6,7,31,0,0,0,0,0,0,0,1
"52",57,4,1,4,5,3,4,3,5,5,2,4,3,4,2,3,2,5,2,3,2,5,4,5,2,2,4,3,4,5,2,4,2,4,4,4,2,2,5,4,3,2,1,3,2,4,4,1,1,2,2,1,1,2,1,3,2,2,2,2,1,1,1,1,1,1,1,2,1,1,1,1,4,4,4,3,4,3,4,4,4,4,3,3,3,4,3,3,4,4,4,2,1,0,0,0,2,1,0,0,0,0,1,1,0,1,0,0,1,0,1,1,0,0,0,0,1,1,0,1,0,0,0,0,0,3,2,35,35,29,28,30,6,13,11,6,13,49,0,4,4,1,1,0,10,2
"53",25,3,3,2,4,2,4,2,2,4,1,3,1,3,2,2,1,4,2,1,3,4,4,2,2,2,4,1,3,4,3,4,1,2,4,4,2,1,3,3,4,1,1,1,2,1,2,1,2,2,1,1,2,1,1,3,1,1,1,2,1,1,1,1,2,3,1,2,1,3,2,3,4,4,4,4,5,4,3,4,3,4,2,4,5,5,5,5,5,5,5,1,0,2,0,1,1,1,0,2,0,0,0,1,0,2,0,0,0,1,0,0,0,0,1,0,1,0,1,1,0,0,0,0,0,3,2,23,31,29,39,25,10,7,13,6,11,47,1,1,3,6,0,0,11,1
"54",23,3,3,3,4,1,3,3,3,4,3,3,1,4,2,2,1,3,3,1,3,3,3,3,2,3,4,1,4,3,3,3,1,4,3,3,3,1,4,4,3,2,1,1,2,1,2,1,1,1,1,1,1,2,1,4,1,1,1,1,1,1,1,1,1,1,1,1,1,1,1,1,4,3,4,3,3,4,3,3,3,3,3,5,5,5,5,5,5,5,4,0,1,1,0,0,3,0,1,0,0,0,0,1,0,0,0,0,0,1,0,1,0,0,0,0,1,1,0,1,0,0,0,0,0,3,2,28,29,25,39,22,6,6,9,6,9,36,0,3,1,1,2,0,7,2
"55",52,3,1,3,4,2,4,2,4,4,3,4,2,1,2,4,1,5,2,2,2,4,5,4,2,3,5,1,5,4,3,4,1,5,4,5,3,1,3,4,3,2,1,1,1,1,3,1,1,1,1,1,1,4,1,2,1,1,1,1,1,1,1,1,1,1,1,1,1,1,1,1,4,4,4,4,3,2,4,3,3,3,3,4,4,5,4,5,5,5,4,0,0,1,0,0,0,0,0,1,0,0,0,0,0,1,1,0,0,0,0,0,1,0,1,0,0,0,1,1,0,1,0,0,0,3,2,31,32,25,36,30,6,6,7,6,11,36,0,0,0,3,0,1,4,2
"56",18,2,2,1,3,4,3,3,4,3,3,3,3,3,3,2,4,4,2,4,2,3,3,2,3,3,3,4,4,3,3,3,4,3,3,3,3,3,4,2,3,4,2,3,3,3,2,2,1,1,3,1,3,3,1,4,3,2,1,2,1,2,2,1,1,2,1,1,1,1,1,1,3,4,3,3,3,4,4,3,3,3,3,2,3,2,2,2,2,3,2,1,2,2,1,1,0,2,1,1,0,0,0,2,0,1,1,1,1,1,0,0,0,0,1,0,0,0,0,1,1,1,0,0,0,3,2,26,24,26,18,20,7,17,10,8,13,55,2,1,5,4,3,2,17,2
"57",62,3,1,3,4,2,3,3,4,4,3,3,3,2,2,3,3,4,1,3,2,3,3,2,3,3,3,3,4,3,3,3,3,4,4,3,3,2,3,3,3,2,2,2,3,1,2,2,2,2,2,2,3,3,2,3,1,1,2,1,1,2,2,1,2,2,1,2,3,1,2,1,4,5,3,3,3,3,4,3,3,3,3,4,3,3,3,3,3,4,4,1,1,0,0,0,0,0,0,0,0,0,0,1,0,0,0,0,0,0,0,0,1,0,1,0,1,0,1,0,0,1,0,0,0,3,2,27,30,25,27,20,10,11,13,11,11,56,0,0,2,0,1,0,3,2
"58",28,2,8,1,3,1,1,1,2,3,1,2,2,3,2,1,2,3,2,3,1,2,2,1,2,3,2,2,3,3,2,2,3,2,2,2,2,2,2,3,2,1,1,2,1,3,2,2,1,2,2,1,2,2,3,2,1,1,1,2,1,2,1,1,2,1,2,1,2,1,1,1,4,4,4,5,5,5,5,3,4,4,4,5,4,4,3,4,3,4,5,1,0,0,0,0,1,1,0,1,0,0,0,1,0,1,0,0,0,1,0,0,0,0,1,0,1,1,0,1,0,1,0,0,0,4,2,18,26,35,32,12,7,11,8,12,9,47,0,1,3,2,0,0,6,1
"59",22,1,3,4,4,4,3,3,4,4,2,3,3,2,2,2,2,4,2,3,2,3,3,4,2,3,3,4,3,4,2,3,3,4,5,3,4,2,2,3,2,2,2,2,4,1,2,2,2,1,1,2,2,3,3,1,1,2,1,1,1,2,1,1,2,1,1,1,2,1,1,3,4,4,4,3,4,4,4,3,4,2,4,2,3,4,3,2,3,4,4,0,2,1,0,0,0,0,0,1,0,0,0,0,0,2,0,0,0,0,0,1,0,1,0,0,0,1,1,1,1,0,0,0,0,4,2,26,32,28,25,22,10,8,6,11,15,50,0,0,0,4,2,0,6,2
"60",22,2,3,2,3,2,2,2,4,3,1,3,2,4,3,2,2,3,3,2,2,3,3,2,3,3,3,2,3,2,3,3,2,3,2,2,2,2,3,3,3,2,2,1,3,2,2,1,1,1,1,1,2,1,1,2,1,1,1,2,1,1,1,1,1,2,1,2,1,1,1,2,3,3,3,4,5,4,4,3,3,4,3,4,4,4,4,4,4,4,4,0,0,0,0,0,0,0,0,0,0,0,0,0,0,0,0,0,0,1,0,1,0,0,0,0,1,1,0,1,0,1,0,0,0,4,2,25,22,30,32,18,7,8,9,6,11,41,0,0,0,0,0,0,0,1
"61",25,1,3,3,2,2,3,3,3,3,2,3,2,2,3,3,2,4,3,3,3,3,3,3,3,3,2,2,3,2,3,2,2,5,3,3,3,2,3,2,3,1,1,2,2,1,2,1,2,2,2,1,2,3,1,1,1,1,1,3,1,1,2,1,2,1,2,1,3,2,3,2,3,3,3,3,4,3,3,3,3,3,3,4,4,4,3,4,4,4,5,1,2,1,2,0,1,1,0,0,0,0,1,1,1,1,1,0,1,1,0,0,1,0,0,0,1,1,0,1,0,1,0,0,0,4,2,26,21,25,32,19,9,10,9,9,13,50,0,3,3,2,3,3,14,1
"62",47,3,1,3,3,2,3,4,4,4,3,3,2,1,2,4,1,4,3,3,3,2,5,4,3,4,2,2,4,3,3,3,2,4,3,4,2,2,3,4,4,2,1,1,2,1,2,1,2,2,1,2,2,2,1,1,1,2,1,1,1,1,1,1,2,1,1,2,1,2,1,2,4,3,3,2,3,2,3,2,3,4,2,4,4,5,3,4,4,4,4,0,0,1,0,0,2,0,1,1,0,0,1,0,1,0,0,0,0,0,0,0,1,1,0,0,0,0,1,1,1,0,1,0,0,4,2,28,27,21,32,21,10,7,8,6,11,42,0,3,0,2,2,0,7,2
"63",63,3,1,1,2,3,1,1,4,4,3,4,3,2,1,1,1,4,1,1,1,3,3,3,2,3,1,2,3,4,3,1,1,4,4,5,3,1,4,4,4,2,1,2,1,3,2,1,1,2,1,2,2,1,1,2,1,1,1,1,1,1,1,1,2,1,1,1,1,1,1,1,5,5,4,5,3,5,5,3,3,3,2,3,3,5,5,4,5,5,4,1,1,1,0,0,0,1,0,1,0,0,0,1,1,1,0,0,0,0,0,1,0,0,1,0,1,1,1,1,0,1,0,0,0,5,2,25,32,29,34,18,8,10,8,6,7,39,0,0,3,3,2,0,8,2
"64",28,1,1,3,3,2,3,2,2,4,2,2,1,4,1,2,1,4,1,1,1,1,4,2,2,3,4,1,5,4,2,3,1,4,5,3,3,2,3,4,1,1,3,1,2,1,3,2,1,1,1,1,1,3,2,1,1,3,1,2,2,1,2,1,3,1,2,1,1,1,1,1,5,5,4,4,4,4,5,3,4,3,5,4,5,5,5,5,5,4,5,0,1,0,0,0,0,1,0,0,0,0,0,1,0,2,0,0,1,0,0,0,0,1,1,0,1,0,1,1,1,0,0,1,0,5,2,29,34,32,38,18,11,7,6,9,14,47,0,1,2,2,1,0,6,1
"65",48,3,8,3,2,3,2,3,2,2,2,2,3,2,2,2,1,1,1,2,2,2,2,2,2,2,2,2,1,1,2,1,1,1,1,3,3,1,1,1,2,1,1,2,2,2,1,1,1,1,3,2,2,1,1,3,2,1,2,1,1,1,2,1,1,1,1,1,1,1,1,1,4,5,4,3,4,4,4,4,4,3,4,3,3,5,4,4,5,5,5,4,1,1,0,0,1,4,0,2,0,0,1,3,0,3,0,0,0,0,0,1,0,0,1,0,1,1,1,1,0,1,1,0,1,7,2,13,20,30,34,14,7,13,9,6,7,42,0,2,11,6,1,0,20,2
"66",27,3,3,4,5,1,4,4,5,5,1,4,2,5,2,2,1,5,1,1,2,4,5,5,1,1,5,1,5,5,1,4,2,5,5,4,3,1,5,4,2,1,1,1,4,1,2,1,1,1,1,1,1,2,1,2,1,1,1,1,1,1,1,1,1,3,1,1,1,1,2,1,4,5,5,2,5,4,4,5,5,3,4,5,4,5,5,5,4,5,5,0,0,0,0,0,1,0,0,0,0,0,0,0,0,0,0,0,0,0,0,1,0,0,1,0,1,1,2,2,2,0,0,0,0,8,2,39,38,32,38,30,6,6,10,6,11,39,0,1,0,0,0,0,1,2
"67",22,1,3,1,2,2,3,4,5,5,2,5,2,1,4,3,2,3,2,2,2,3,4,1,2,2,3,4,2,3,2,3,2,1,3,4,2,3,3,5,3,4,2,1,3,1,1,2,4,1,2,3,3,3,4,2,1,1,2,2,2,3,2,1,2,1,4,1,3,3,1,2,2,4,4,2,4,3,4,4,4,4,3,4,4,4,4,2,4,3,2,0,0,1,1,0,0,0,1,0,0,2,1,0,0,1,0,0,1,0,0,1,0,1,0,0,1,1,0,1,0,1,2,0,2,8,2,20,28,28,27,22,16,10,8,17,12,63,2,2,0,2,1,1,8,1
"68",21,1,3,2,3,3,4,5,1,2,3,4,1,1,1,4,1,3,1,1,3,1,3,3,1,1,1,1,3,3,3,2,1,3,2,4,2,1,4,3,2,1,2,1,3,1,1,1,1,1,1,1,2,2,1,1,1,1,2,1,1,1,1,1,1,3,2,1,1,1,1,1,5,5,5,1,3,2,3,5,3,4,4,3,5,5,5,5,5,5,5,1,2,0,0,0,0,1,0,1,0,0,0,0,0,0,0,0,0,1,0,0,0,0,1,0,1,1,2,2,2,1,1,0,0,10,2,20,28,25,38,19,7,7,9,7,9,39,0,0,2,1,2,0,5,2
"69",20,1,1,3,2,2,2,2,5,2,2,3,2,2,4,3,4,4,4,4,2,3,5,4,4,4,3,2,4,3,3,3,3,5,3,4,4,3,2,2,4,3,2,2,1,1,3,3,1,4,1,2,1,2,2,1,1,3,3,1,2,2,1,2,2,3,2,3,2,2,3,2,2,2,2,4,4,3,4,2,3,2,2,4,4,2,2,4,3,3,3,1,2,3,0,2,1,0,0,3,0,2,0,2,0,3,0,1,1,0,0,0,0,0,2,0,3,3,2,1,1,3,0,0,3,16,2,30,18,24,25,22,11,7,17,13,12,60,5,2,3,9,2,0,21,1
"70",25,3,2,1,5,2,3,2,3,5,1,3,2,1,1,1,1,4,1,3,1,2,4,3,1,3,4,1,4,4,2,2,1,4,1,2,2,2,4,5,3,2,1,1,2,1,3,1,1,1,1,1,1,4,1,2,1,1,1,2,1,1,1,1,2,2,1,1,2,1,1,1,5,5,5,4,5,5,5,3,4,4,3,4,4,5,3,5,5,4,4,0,0,0,0,0,0,1,1,0,0,0,0,1,0,0,0,0,0,1,0,1,0,0,1,0,0,0,0,1,0,0,0,0,0,1,3,25,35,33,34,19,7,6,8,7,13,41,0,0,2,0,1,0,3,2
"71",37,3,1,3,3,1,3,2,2,3,2,3,1,5,3,1,1,2,1,1,1,4,2,3,2,1,5,1,3,4,1,3,1,3,5,3,1,1,5,3,2,3,1,2,3,4,4,1,1,1,1,1,2,2,2,2,1,2,1,2,1,1,1,1,2,1,1,1,2,1,1,1,3,5,4,4,4,5,5,5,5,5,4,5,5,5,5,5,5,5,3,1,1,1,0,1,0,2,1,1,1,1,0,1,1,1,1,1,0,0,0,1,0,0,1,1,0,0,0,1,0,0,0,0,0,1,3,25,30,37,38,24,7,11,7,8,14,47,3,0,4,3,3,2,15,1
"72",45,4,2,3,3,3,4,2,1,3,2,3,3,2,2,2,2,4,3,3,2,3,3,3,3,2,4,3,4,3,3,3,3,3,3,3,3,3,3,2,3,3,1,1,1,2,1,1,1,1,1,2,1,1,1,1,1,1,1,1,1,1,1,1,1,1,1,1,1,1,1,1,4,3,3,4,4,4,4,4,3,3,3,3,3,4,3,3,3,3,3,0,0,0,0,0,0,0,0,0,0,0,0,1,1,0,0,0,0,1,0,1,1,0,0,0,0,0,0,0,0,1,0,0,0,1,3,23,24,29,25,23,7,7,6,6,6,32,0,0,1,0,1,0,2,2
"73",22,1,3,2,5,4,5,2,4,5,3,4,2,3,1,1,1,3,1,4,1,5,4,4,1,1,5,2,4,5,1,4,1,4,5,4,1,2,4,4,1,1,1,3,3,4,3,1,1,1,1,1,1,3,2,1,1,1,1,3,1,2,1,1,1,1,2,1,1,1,1,2,5,5,5,4,3,5,5,5,5,5,5,2,4,5,2,4,5,4,5,0,0,0,0,0,0,0,0,0,0,0,0,0,0,0,0,0,0,0,0,0,1,1,1,0,0,0,0,0,1,1,0,0,0,2,3,28,39,37,31,31,6,11,6,9,15,47,0,0,0,0,0,0,0,2
"74",24,1,3,3,3,2,4,2,3,4,2,4,1,1,2,2,2,5,2,3,2,5,3,3,2,2,4,2,3,4,2,4,3,4,4,4,2,2,4,5,2,2,2,1,3,1,3,1,1,1,1,2,1,3,2,2,1,3,1,3,1,1,1,1,3,1,2,1,1,1,1,2,4,4,4,4,4,4,4,4,4,4,4,4,5,4,3,4,3,4,4,0,3,1,0,0,0,0,0,1,0,0,0,1,0,3,0,0,0,1,0,1,0,0,1,0,0,1,0,0,0,0,0,0,1,2,3,26,32,32,31,28,10,6,7,8,17,48,0,0,1,5,3,0,9,2
"75",25,1,1,1,2,1,4,1,1,4,1,1,1,1,3,1,1,3,3,2,1,1,2,2,1,1,3,1,4,3,2,2,1,1,4,2,1,1,2,2,2,1,2,1,1,1,2,2,3,1,1,1,2,3,2,1,1,1,1,1,1,1,1,1,2,1,2,1,1,1,1,1,3,3,5,5,5,5,5,5,4,5,4,5,5,5,4,5,5,5,5,0,0,0,0,0,0,0,0,0,0,0,0,0,0,1,0,0,0,1,0,0,0,1,1,0,1,0,0,1,0,0,0,0,0,2,3,15,26,38,39,15,10,7,6,9,9,41,0,0,0,1,0,0,1,2
"76",22,2,3,1,4,2,3,3,3,4,1,5,1,2,1,1,1,5,1,3,2,3,5,4,1,1,3,1,5,4,3,4,1,3,5,3,2,2,4,4,2,4,3,1,3,2,2,1,1,2,1,1,2,3,1,4,2,1,2,2,1,2,1,1,2,4,1,2,1,2,1,1,5,5,5,3,5,5,4,5,3,4,4,4,5,5,3,5,5,4,2,0,0,1,0,0,0,1,0,1,0,0,0,2,0,2,0,0,0,1,0,1,0,0,1,0,1,0,0,0,0,1,0,0,0,2,3,28,36,33,33,25,10,9,15,7,12,53,0,0,3,4,0,0,7,2
"77",25,1,3,3,4,1,4,3,3,4,1,4,1,2,1,2,1,4,3,1,3,1,5,4,2,2,4,1,4,4,4,2,1,4,5,1,4,1,5,5,3,1,2,1,4,1,3,1,1,1,1,2,1,2,1,4,1,1,1,1,1,1,1,1,2,1,1,1,1,2,1,1,5,3,4,3,5,4,3,4,2,2,3,5,5,5,5,5,5,5,5,0,1,0,0,0,0,0,1,0,0,0,0,0,0,0,0,0,0,0,0,1,0,0,1,1,0,0,0,1,0,1,0,0,0,2,3,30,34,26,40,20,10,6,9,6,12,43,0,0,0,0,2,0,2,2
"78",26,1,1,1,4,3,2,2,1,4,1,4,2,2,1,2,3,2,2,3,2,3,4,3,2,2,4,3,3,4,2,4,2,1,4,3,1,2,4,4,2,2,2,2,3,2,3,2,1,1,2,2,3,3,2,1,2,2,1,2,1,1,2,1,2,2,3,1,1,1,1,2,5,4,4,4,5,4,4,4,4,5,4,3,4,3,3,3,4,4,4,0,0,0,0,0,1,0,0,0,0,0,1,0,0,0,0,0,1,1,1,1,0,0,0,0,0,1,0,1,0,0,0,0,0,2,3,18,33,34,28,23,9,13,7,10,15,54,0,3,0,0,0,0,3,2
"79",37,3,1,1,5,2,4,2,5,4,1,4,1,5,1,2,1,4,1,3,1,3,3,2,1,1,5,5,5,4,2,2,3,4,3,3,2,1,3,4,2,4,1,1,3,3,3,1,1,1,1,1,2,1,1,2,1,1,1,1,1,1,1,1,1,1,3,1,1,1,1,1,5,5,5,4,5,4,5,5,4,4,4,4,5,5,3,1,3,5,2,0,0,1,0,0,1,0,0,0,0,0,0,0,0,1,0,0,0,1,0,1,0,0,0,1,0,1,0,1,0,0,0,0,0,2,3,30,35,35,28,23,6,9,7,8,10,40,0,1,0,2,0,0,3,2
"80",65,4,1,4,4,3,3,2,4,4,2,4,2,4,2,2,1,5,1,3,2,4,4,3,2,1,3,3,3,3,2,3,2,4,4,3,2,1,4,4,1,2,1,2,2,3,3,1,1,2,3,1,1,2,2,2,1,2,2,2,1,1,1,1,2,2,1,2,2,1,1,1,4,5,4,4,4,4,4,5,4,4,5,3,4,5,3,3,4,5,4,0,0,1,0,0,1,0,0,0,0,0,0,0,0,1,0,0,0,0,1,1,0,0,1,0,0,0,1,0,0,1,0,0,0,2,3,32,32,34,31,23,7,11,11,8,12,49,0,1,0,2,0,0,3,2
"81",42,3,1,1,4,1,4,3,4,4,2,4,2,3,2,3,1,3,2,1,3,4,4,4,3,3,4,1,4,4,3,4,1,4,4,4,2,1,4,4,2,1,2,1,1,2,2,1,1,3,1,2,1,2,1,2,1,1,2,1,1,1,1,1,2,1,1,1,1,2,1,1,4,4,3,3,4,3,3,3,3,4,4,5,4,5,5,5,5,5,5,1,1,0,0,0,1,1,0,0,0,0,0,0,0,0,0,0,0,0,1,0,1,0,1,0,0,0,1,1,0,0,0,0,0,2,3,27,31,27,39,28,10,7,10,6,8,41,0,1,2,0,1,0,4,2
"82",58,3,1,1,1,4,2,4,1,1,1,1,4,1,4,4,4,1,4,2,4,4,5,3,1,1,2,5,4,1,1,5,5,1,5,1,5,5,5,5,1,5,2,3,3,3,1,2,2,4,4,3,4,3,4,1,4,4,1,4,1,4,4,4,1,4,1,4,2,1,4,4,2,2,5,2,5,2,2,5,5,1,5,2,2,2,4,1,1,1,1,3,3,1,4,0,3,1,3,0,0,0,3,0,0,2,0,0,1,0,0,1,1,0,1,0,0,0,0,1,1,1,0,0,0,3,3,19,22,27,14,18,10,22,18,17,19,86,0,7,4,3,6,4,24,2
"83",62,4,1,2,5,1,3,4,3,5,3,3,1,2,1,3,1,3,1,5,3,3,3,4,1,1,3,1,3,2,2,2,1,4,1,1,4,1,4,4,3,1,1,1,4,2,2,1,1,4,1,1,3,2,1,4,1,1,1,3,1,1,2,1,2,1,1,1,2,1,1,3,5,5,5,2,3,3,3,5,4,2,3,5,5,5,1,5,5,5,5,0,0,2,0,0,0,0,0,1,1,0,0,0,0,1,0,0,0,0,1,1,0,0,0,1,1,1,0,0,0,1,0,0,0,3,3,24,32,25,36,19,7,10,12,7,15,51,0,0,0,4,0,1,5,2
"84",32,3,1,1,4,3,3,2,2,4,1,4,1,1,1,2,1,3,1,3,2,5,4,2,1,1,4,2,4,4,3,4,2,4,4,4,1,1,4,4,1,2,1,1,2,1,3,1,1,1,1,1,1,4,1,2,1,2,2,1,1,1,1,1,1,2,1,2,1,1,1,1,5,5,5,4,5,4,4,5,3,5,5,3,5,5,3,4,4,5,4,1,2,2,0,0,0,1,0,1,0,2,0,1,0,1,1,1,0,1,0,1,1,0,0,0,0,0,1,1,1,0,0,0,0,3,3,23,35,35,33,26,6,6,10,6,13,41,3,0,3,4,2,1,13,2
"85",42,2,2,3,4,2,4,2,4,4,3,4,2,3,2,2,2,4,2,3,2,4,4,4,2,2,4,2,4,4,3,4,3,4,4,3,2,2,4,4,2,2,2,2,3,1,3,2,2,3,1,2,1,3,1,2,1,2,2,2,1,1,2,1,2,2,1,3,2,2,2,2,4,4,4,4,3,4,4,4,3,4,4,4,4,4,3,4,3,4,4,0,0,1,0,0,1,0,0,1,0,0,0,0,0,2,1,0,0,0,0,1,1,0,1,0,1,0,0,1,0,0,1,0,0,3,3,30,32,30,30,27,11,8,14,8,15,56,0,1,0,4,0,1,6,2
"86",26,1,3,1,3,2,4,3,1,3,3,3,3,1,1,2,2,4,2,3,1,2,4,1,1,3,5,2,3,4,5,5,5,2,2,2,4,3,3,3,4,2,2,1,1,1,2,1,1,1,1,1,1,2,2,4,1,1,3,1,1,1,1,1,2,4,2,2,3,1,3,1,5,4,5,3,3,4,5,3,1,2,2,4,3,4,3,4,1,3,4,1,3,0,0,0,0,1,0,0,0,0,0,0,0,0,0,0,0,0,0,1,1,0,1,0,0,0,1,1,1,1,0,0,0,4,3,19,29,23,26,22,8,6,17,10,8,49,0,0,2,0,3,0,5,1
"87",25,3,3,1,3,1,3,3,3,3,2,3,1,1,2,2,1,4,2,2,2,2,3,3,2,3,4,2,2,3,3,3,2,3,3,3,3,2,3,3,4,2,2,1,2,1,1,1,2,3,1,1,1,1,1,3,1,1,1,1,1,1,1,1,2,1,2,1,1,2,1,1,4,4,4,3,4,4,4,3,3,3,2,5,5,5,4,4,4,4,4,0,0,0,0,0,0,0,0,0,0,0,0,1,0,1,0,0,1,1,0,1,0,0,1,0,0,1,1,1,0,1,0,0,0,4,3,20,27,26,35,21,10,6,10,7,7,40,0,1,1,1,0,0,3,2
"88",53,3,1,3,3,3,3,3,3,4,2,3,2,4,2,3,2,4,2,4,2,4,4,4,2,3,4,4,4,4,3,4,2,4,4,3,2,3,4,4,4,3,1,2,3,2,3,1,1,2,2,2,2,3,1,3,1,2,2,2,1,1,1,1,2,2,1,2,2,2,2,1,4,4,4,3,4,3,4,3,3,4,2,3,4,4,2,2,4,3,3,1,1,1,0,0,1,1,0,0,0,0,0,1,0,1,0,0,0,1,0,1,1,0,0,0,1,0,1,1,0,1,0,0,0,4,3,30,31,26,25,25,9,10,13,7,14,53,0,1,3,2,1,0,7,2
"89",22,1,2,4,5,2,2,3,2,5,2,1,1,1,1,2,1,3,1,1,1,4,5,1,1,1,4,1,4,4,1,4,1,4,2,4,4,3,3,3,4,2,2,1,3,1,2,3,1,1,1,1,1,3,2,2,1,3,2,1,1,1,1,1,1,1,1,1,3,1,1,2,5,5,5,3,4,4,5,5,5,2,2,4,5,5,5,5,5,3,4,0,1,4,0,1,0,0,0,4,0,3,0,0,0,4,0,3,0,0,0,1,0,0,2,0,1,0,0,1,1,1,0,0,0,4,3,26,34,30,36,20,7,6,8,11,14,46,7,0,0,12,1,0,20,1
"90",59,3,1,3,4,1,3,3,3,4,2,4,3,2,1,1,1,2,1,1,2,2,2,2,1,1,3,2,3,3,2,3,1,3,3,2,1,1,3,3,2,1,1,1,3,2,3,1,1,3,2,1,2,2,1,1,1,2,2,2,1,1,1,1,1,1,1,1,1,1,1,2,5,5,5,3,4,5,4,5,4,5,4,5,3,5,5,4,5,5,5,1,1,1,0,0,0,1,0,1,0,0,0,1,0,0,0,0,0,0,0,1,0,0,1,1,1,1,0,1,1,0,0,0,0,4,3,21,32,34,37,19,6,9,9,6,14,44,0,0,3,2,1,0,6,2
"91",24,1,3,1,3,2,1,4,1,4,1,2,3,1,1,2,1,1,1,2,1,1,1,1,1,1,3,1,1,1,1,1,1,1,1,1,1,1,1,1,1,1,1,1,2,2,2,1,1,1,1,1,1,3,2,1,2,1,1,1,1,1,1,1,1,1,2,1,1,1,1,2,5,5,5,2,5,4,5,5,5,5,5,4,3,5,4,5,5,5,5,0,0,0,0,0,0,0,0,0,0,0,0,0,0,0,0,0,0,0,0,1,0,1,1,0,1,1,1,1,1,1,0,0,0,6,3,8,25,36,36,10,6,8,6,8,11,39,0,0,0,0,0,0,0,1
"92",20,3,3,2,3,2,4,4,5,3,3,4,1,4,2,2,1,3,2,1,2,2,3,4,2,2,4,1,4,3,3,3,1,3,4,3,2,1,4,4,3,2,1,1,2,2,2,1,1,2,1,1,2,2,1,2,1,1,1,2,1,1,2,1,2,2,1,2,2,1,2,1,4,4,4,2,3,4,4,4,3,4,3,4,5,5,5,5,5,5,4,0,0,0,1,0,0,1,0,0,0,0,0,0,0,0,1,0,0,0,0,1,1,0,1,0,0,0,3,2,1,0,0,0,0,6,3,28,29,27,38,24,7,9,11,7,10,44,0,0,1,0,0,2,3,2
"93",47,3,1,1,3,3,2,3,1,3,2,3,1,2,3,2,2,3,3,3,3,2,3,2,2,2,4,3,4,3,3,3,2,2,4,3,2,2,3,2,2,2,1,1,2,1,3,2,1,2,3,1,1,2,1,1,1,1,2,2,1,1,1,1,1,2,1,2,1,3,2,1,3,3,4,3,4,4,3,4,3,4,4,3,5,4,3,3,4,4,4,1,2,1,0,0,0,0,0,0,0,0,0,0,0,1,0,0,0,0,0,1,1,1,0,0,1,0,1,1,1,1,1,0,0,6,3,19,25,29,30,19,8,8,11,7,11,45,0,0,1,2,2,0,5,1
"94",25,1,3,2,3,1,3,4,3,3,3,3,2,4,3,4,1,4,4,1,3,2,3,1,3,2,4,1,4,3,3,2,1,4,3,2,2,1,2,3,2,4,1,2,4,2,3,2,1,1,1,1,2,2,3,2,1,2,1,3,1,1,1,1,1,1,1,1,3,1,1,2,3,2,3,2,3,2,3,4,3,4,4,5,4,5,5,5,5,5,2,0,2,0,0,0,1,0,0,0,0,1,1,0,1,1,0,1,0,1,1,1,0,0,0,0,1,1,2,1,0,1,2,0,0,8,3,26,23,25,36,17,6,9,7,11,16,49,2,2,0,1,3,0,8,1
"95",22,2,5,4,2,1,3,3,3,3,2,3,1,2,3,3,1,5,3,1,2,3,5,1,4,1,3,1,5,3,1,3,1,4,2,3,2,1,5,3,3,1,1,3,1,2,4,1,1,3,1,1,1,2,1,3,1,1,4,1,1,1,1,1,1,4,1,3,1,1,2,1,3,3,2,3,4,3,4,5,5,4,3,5,5,5,5,5,5,5,5,1,0,1,0,0,0,1,0,0,0,0,0,1,0,0,0,0,0,0,0,0,1,1,1,0,0,0,2,2,1,0,2,1,0,8,3,33,21,31,40,19,6,9,19,6,10,50,0,0,3,1,0,0,4,2
"96",27,3,1,4,2,2,1,3,4,3,2,2,2,3,4,2,2,5,5,3,3,2,4,2,3,3,2,2,3,2,3,1,2,2,2,2,3,2,3,2,4,3,1,1,1,2,1,2,3,2,1,2,2,2,2,3,2,2,3,2,2,2,1,1,2,1,2,1,2,2,1,1,2,1,3,3,4,4,3,3,3,3,2,4,4,4,3,4,4,4,3,0,2,1,0,0,0,2,0,0,0,0,0,0,0,0,0,0,0,1,0,1,0,0,1,0,2,1,1,2,2,0,0,0,0,8,3,28,17,25,30,12,12,9,11,11,9,52,0,0,2,1,2,0,5,1
"97",49,4,1,1,2,1,3,2,2,3,3,3,4,1,2,4,2,2,2,1,3,1,1,2,2,2,4,2,3,3,3,4,2,2,3,4,3,1,4,1,4,2,1,2,1,1,2,1,1,1,1,1,1,1,1,2,1,1,2,1,1,1,1,1,2,3,1,1,2,1,1,1,4,4,4,4,3,2,3,4,3,3,2,5,2,4,5,4,4,5,4,1,0,0,0,0,0,1,0,0,0,0,0,1,0,0,0,0,0,0,0,0,2,0,1,0,3,1,0,2,0,1,1,0,1,9,3,16,24,24,33,21,7,7,10,7,7,38,0,0,3,0,0,0,3,2
"98",44,4,6,5,5,2,4,4,4,5,3,4,3,2,2,4,1,5,1,2,3,3,5,3,1,3,3,2,5,4,3,3,2,5,5,3,3,1,4,4,3,3,2,1,4,2,2,1,2,4,1,2,1,2,1,2,1,3,2,2,1,1,1,1,2,2,1,3,1,1,2,1,4,5,5,2,3,2,3,3,3,3,3,4,3,5,4,4,4,5,3,2,0,1,0,0,0,2,0,0,0,1,0,3,0,1,0,0,0,0,0,1,1,1,0,0,0,0,2,3,0,3,1,0,0,9,3,35,37,22,32,23,10,7,15,6,14,52,1,0,7,2,0,0,10,2
"99",26,1,1,1,2,2,4,4,2,3,2,4,1,1,4,4,1,4,4,4,4,1,1,1,4,4,4,2,4,2,3,3,1,1,1,4,3,2,4,1,3,3,2,2,1,1,3,1,1,4,3,3,1,2,1,4,1,2,2,1,2,1,1,1,3,3,1,3,1,1,3,2,2,2,2,2,4,2,2,2,3,3,3,4,5,5,2,4,5,4,3,0,2,0,0,0,1,1,0,0,0,0,0,0,0,0,0,1,0,0,0,0,3,0,0,0,1,0,3,3,2,1,1,0,0,11,3,18,15,21,32,21,12,9,19,6,11,57,1,1,1,0,2,0,5,1
"100",22,3,3,1,3,1,3,2,3,4,2,3,1,1,1,1,1,2,1,1,1,4,4,1,1,3,4,1,2,4,2,4,1,3,4,3,2,1,1,1,3,2,3,2,2,1,1,1,1,4,1,2,1,2,2,2,1,2,1,1,1,1,1,1,2,1,1,2,1,2,1,1,5,5,5,4,4,5,5,3,4,4,3,5,5,5,5,5,5,5,4,0,1,1,0,0,0,0,1,0,0,1,0,0,0,0,0,1,0,1,0,0,1,0,1,1,0,0,0,0,0,0,0,0,0,0,4,17,31,32,39,22,11,7,11,7,9,45,2,0,0,1,2,0,5,1
"101",24,2,3,3,5,3,2,4,3,5,3,3,2,2,1,4,2,5,1,4,2,2,4,3,1,3,3,1,3,4,3,3,3,5,5,3,3,1,4,3,3,1,2,1,3,1,3,1,1,1,1,1,1,2,1,3,1,2,1,3,1,1,1,1,1,1,1,1,1,1,1,2,5,5,5,2,3,2,4,3,3,3,3,3,4,4,2,5,3,5,5,0,0,0,0,0,0,0,0,0,0,1,0,2,0,0,0,0,0,1,0,1,1,0,1,0,0,0,0,0,0,0,0,0,0,0,4,29,37,23,31,19,7,6,8,6,15,42,1,0,2,0,0,0,3,2
"102",26,3,3,1,1,3,3,3,4,4,2,2,4,2,2,3,3,2,2,3,2,4,3,2,2,1,2,3,3,3,2,4,4,3,3,2,2,3,3,3,2,2,2,2,3,1,1,2,3,2,1,3,2,3,3,3,3,2,3,1,2,1,2,1,3,1,2,1,1,2,1,1,4,4,4,3,4,3,4,5,4,4,4,3,2,3,3,3,2,3,4,0,0,1,0,0,0,1,0,1,0,0,3,1,0,1,0,0,3,1,0,0,0,0,1,2,0,0,0,0,0,0,1,0,0,1,4,21,26,31,23,19,15,11,11,10,11,58,0,6,2,3,0,0,11,2
"103",28,1,3,3,4,1,2,3,3,4,3,4,2,3,1,3,1,3,1,2,3,3,2,2,2,3,4,1,3,3,3,2,1,4,3,3,3,2,4,3,3,2,2,2,3,2,3,3,2,2,1,2,2,3,3,2,1,2,3,3,2,3,2,3,2,3,3,3,2,2,3,2,5,5,4,3,3,3,3,3,3,3,3,5,4,5,4,5,5,4,4,3,2,1,0,0,1,0,1,1,0,0,0,0,3,1,2,0,0,0,1,2,0,0,0,1,0,0,0,0,1,0,0,0,0,1,4,25,31,24,36,20,12,10,16,17,16,71,0,1,3,3,6,2,15,1
"104",25,1,3,1,3,1,4,4,1,4,3,4,1,2,1,3,1,3,2,1,2,3,2,2,1,1,3,1,3,4,3,3,1,1,3,3,2,1,4,4,3,1,1,1,2,1,2,1,2,2,1,1,1,1,1,2,1,1,1,1,1,1,1,1,1,1,1,2,1,1,1,1,5,4,5,2,3,3,4,5,3,4,3,5,5,5,5,5,5,5,5,0,1,0,0,0,0,0,0,0,0,1,0,1,0,0,0,1,0,0,0,0,1,2,1,0,0,0,1,0,0,0,1,0,0,2,4,17,32,27,40,22,7,6,9,6,8,36,2,0,1,0,1,0,4,2
"105",28,2,3,1,2,3,4,3,1,4,2,2,2,2,3,5,1,3,2,2,3,2,3,4,3,3,4,1,3,3,3,2,2,2,2,4,3,1,2,2,3,3,1,1,2,3,3,1,1,4,1,1,1,1,1,3,1,1,3,1,1,1,1,1,1,1,1,3,1,1,2,1,3,4,3,3,4,1,3,3,3,3,3,3,4,5,4,5,4,5,3,0,0,0,0,0,1,1,0,0,0,0,0,2,1,0,0,0,0,0,0,1,1,1,1,0,0,0,0,1,1,0,0,0,0,2,4,17,23,23,33,22,6,8,16,6,9,45,0,1,3,0,1,0,5,2
"106",25,1,1,3,2,3,3,3,3,3,2,3,3,3,3,3,2,3,3,4,2,2,4,3,2,2,4,3,2,2,3,4,2,4,3,3,2,2,4,4,3,2,2,3,1,3,3,2,2,3,1,2,3,2,2,3,2,1,1,2,1,1,1,1,2,2,1,1,2,2,1,1,3,3,4,3,4,3,4,4,3,4,3,3,3,4,2,3,4,4,4,1,2,1,0,0,1,1,0,1,0,0,0,2,1,3,2,0,0,1,0,1,1,1,0,0,0,1,0,0,0,1,0,0,0,2,4,26,24,28,27,22,11,13,11,9,10,54,0,1,4,5,3,2,15,1
"107",27,2,1,2,2,3,3,2,3,2,2,3,3,3,3,2,2,3,3,2,2,1,3,1,1,2,4,2,3,3,3,2,2,2,3,2,2,2,2,2,2,3,2,2,1,1,1,1,1,1,1,1,2,3,2,1,1,1,1,1,1,1,1,1,1,1,1,1,2,1,1,1,3,3,5,4,4,4,4,4,3,4,4,3,3,4,4,4,4,4,3,0,3,1,0,0,0,1,0,0,0,0,0,2,0,0,0,0,0,1,0,1,1,0,1,0,0,1,0,0,0,1,0,0,0,2,4,21,23,31,29,16,7,8,6,8,8,37,0,0,3,1,3,0,7,1
"108",26,1,3,2,4,3,4,3,2,4,3,3,3,2,2,3,2,3,2,3,2,2,3,2,2,3,4,3,3,4,2,3,3,5,4,4,2,2,3,3,2,2,2,1,2,1,2,2,2,2,3,3,3,2,1,3,2,2,2,2,2,1,2,1,2,1,2,1,1,3,1,1,4,4,4,3,3,3,4,3,4,4,4,3,3,4,3,3,3,4,4,0,1,2,0,0,1,0,0,1,0,0,1,1,0,1,0,0,0,1,1,0,1,0,1,0,1,0,0,1,1,0,0,0,0,3,4,23,31,28,27,22,14,12,10,8,11,55,0,2,1,4,1,0,8,2
"109",23,3,3,1,5,1,3,3,4,5,2,2,2,3,1,3,3,4,1,2,2,3,3,2,1,1,3,2,4,4,2,3,2,3,5,3,3,2,4,5,3,1,1,1,2,1,2,1,1,2,2,1,2,1,1,2,1,1,1,1,1,1,1,1,1,1,1,1,1,1,1,1,5,5,5,3,4,3,4,5,4,3,3,5,4,3,4,4,4,4,5,1,1,1,0,0,1,1,0,1,0,0,0,1,0,2,2,0,1,1,1,1,1,0,0,0,1,1,0,1,0,0,0,0,0,3,4,26,39,29,33,19,6,8,8,6,8,36,0,2,3,4,1,2,12,2
"110",26,3,3,3,4,4,4,3,3,5,2,5,5,2,1,3,2,3,1,4,1,2,3,3,2,2,4,4,3,4,3,3,3,2,5,3,3,3,4,4,3,4,4,2,3,1,2,1,3,4,3,3,3,3,1,3,1,1,2,2,1,1,1,1,3,2,1,2,1,2,2,1,5,5,4,3,4,3,5,4,3,3,3,2,1,4,2,2,3,3,2,0,2,1,0,0,1,0,0,0,0,0,0,0,0,0,0,0,0,1,0,1,1,1,0,0,0,0,1,1,1,0,0,0,0,3,4,23,36,28,19,24,16,11,15,6,12,60,0,1,0,1,2,0,4,2
"111",58,4,1,1,3,2,1,2,1,3,1,1,1,1,2,1,1,1,3,1,1,1,3,1,1,1,1,1,2,2,1,1,1,3,2,1,1,1,1,2,2,1,2,1,2,1,1,1,1,2,1,1,2,2,2,2,1,1,3,2,1,1,2,1,1,1,2,1,1,1,2,1,4,3,5,4,5,5,5,5,5,5,4,4,5,5,5,5,5,5,5,0,3,2,3,0,0,0,1,2,0,0,0,2,1,2,0,1,0,1,0,1,1,0,0,1,0,1,2,0,0,0,0,0,0,3,4,13,24,38,39,7,7,8,11,8,9,43,1,0,2,6,5,3,17,1
"112",19,1,8,1,4,1,1,1,3,4,1,1,1,3,2,2,1,4,3,3,2,2,4,3,2,1,5,1,5,4,3,1,1,5,3,2,1,4,5,3,1,2,1,1,1,1,3,2,2,3,2,2,4,3,1,2,1,2,3,2,1,1,1,1,1,1,2,2,2,1,1,1,4,3,4,5,5,4,4,5,3,5,5,5,5,5,3,5,5,2,4,0,1,2,0,0,0,0,0,0,0,0,0,1,0,1,1,0,0,1,0,0,1,1,1,0,0,1,1,1,1,0,0,0,0,4,4,30,29,36,34,15,8,10,12,9,12,51,0,0,1,3,1,1,6,2
"113",28,2,1,2,4,1,3,2,4,4,2,4,1,1,2,3,1,4,2,3,3,2,4,1,2,4,3,1,3,2,3,3,1,2,4,3,2,1,3,2,4,2,2,2,3,1,2,1,1,2,1,3,4,2,3,3,3,1,3,3,2,3,3,1,3,1,4,3,2,3,4,2,4,4,4,4,4,3,3,2,3,4,2,5,5,5,3,5,5,5,4,3,3,0,2,3,2,3,3,1,0,1,0,3,2,1,0,0,1,1,0,1,1,0,1,0,0,0,0,2,2,0,0,0,0,4,4,23,28,25,37,19,14,14,16,14,13,71,4,3,9,2,8,2,28,2
"114",22,3,3,3,3,4,3,3,4,4,2,4,4,5,2,2,1,4,3,2,3,4,3,3,2,1,3,3,4,3,2,3,2,4,4,3,2,2,5,4,2,3,2,1,3,2,3,1,2,2,1,2,2,3,1,2,2,2,2,3,1,1,1,1,2,2,2,1,1,1,1,2,4,3,4,3,4,4,3,5,4,4,4,2,2,5,4,3,4,4,3,0,1,0,0,0,1,0,0,1,0,0,1,0,1,1,0,0,0,1,0,0,0,1,2,0,0,1,1,1,0,1,0,0,0,4,4,32,29,31,27,23,10,9,10,7,16,52,0,2,0,2,2,0,6,2
"115",27,3,3,3,4,3,3,2,4,4,1,3,3,4,2,3,1,4,2,3,2,3,3,3,2,1,4,3,4,4,3,3,2,3,4,3,3,3,3,3,3,2,2,1,2,1,2,1,1,1,1,1,2,1,1,1,1,1,1,2,1,1,1,1,2,1,1,1,1,1,1,1,4,4,4,4,5,3,4,5,3,3,3,3,3,5,3,3,4,3,4,0,0,0,0,0,0,0,0,0,0,1,1,1,0,1,0,0,0,1,0,0,1,0,1,1,1,1,0,1,0,1,0,0,0,4,4,28,31,30,28,22,8,7,6,6,9,36,1,1,1,1,0,0,4,2
"116",24,1,3,3,4,2,3,3,4,5,2,4,2,3,1,2,2,4,1,1,3,4,3,4,1,2,3,2,4,4,2,4,2,4,5,3,3,2,4,4,2,2,1,1,2,1,2,1,1,1,1,1,1,2,1,2,1,2,2,2,1,1,1,1,1,1,1,2,1,1,1,2,5,5,5,3,4,4,3,4,4,3,4,4,4,4,5,4,4,4,4,0,1,0,0,0,0,0,0,0,0,0,0,0,0,0,0,0,0,1,0,1,1,0,1,0,1,0,1,1,1,1,0,0,0,5,4,29,37,29,33,25,6,6,9,6,12,39,0,0,0,0,1,0,1,2
"117",46,2,1,3,5,1,1,4,1,5,2,4,1,4,1,3,1,4,5,1,2,1,4,5,1,2,1,1,5,5,4,1,1,5,5,1,3,1,3,5,2,1,3,1,1,2,3,1,1,3,1,1,2,2,1,3,1,2,3,1,1,1,1,1,1,3,1,2,2,1,2,1,5,1,5,2,4,3,4,4,2,3,4,5,5,5,5,5,5,5,5,3,3,3,0,0,2,2,3,1,0,0,1,3,3,2,0,1,1,1,0,1,1,1,0,0,0,0,1,1,1,1,1,0,0,5,4,29,36,26,40,14,8,8,16,7,10,49,1,4,8,6,9,0,28,2
"118",30,3,1,1,3,2,5,2,2,4,3,4,4,3,1,2,2,3,2,4,3,4,2,4,2,3,4,3,3,4,4,4,3,3,3,4,4,2,4,3,3,3,1,2,4,1,3,1,2,2,1,2,1,3,3,2,1,2,2,3,2,4,1,1,2,1,2,2,3,3,1,2,5,4,4,4,3,4,3,3,2,2,3,4,2,4,2,3,3,4,3,0,0,1,0,0,0,0,0,0,0,0,0,1,0,1,0,0,0,1,0,1,1,0,1,0,0,1,1,2,1,0,0,0,0,5,4,21,30,24,25,29,12,7,10,14,17,60,0,0,1,2,0,0,3,1
"119",50,3,1,4,5,2,3,5,5,5,2,4,4,2,1,5,1,5,1,5,2,3,5,2,5,4,3,5,5,5,4,2,4,5,5,2,1,2,3,5,5,4,3,2,3,4,4,2,2,1,2,2,3,2,3,1,1,2,1,3,1,2,1,2,3,1,3,1,4,1,1,3,5,5,1,1,4,1,4,2,2,5,1,4,2,5,1,1,2,4,2,1,2,1,0,0,0,1,0,3,0,0,1,1,0,0,0,0,0,0,0,1,0,3,0,0,1,0,0,0,1,0,2,1,0,5,4,34,36,20,21,19,12,13,6,16,17,64,0,1,3,4,2,0,10,1
"120",23,2,3,4,3,4,3,3,5,3,2,3,4,2,3,2,4,4,3,4,2,3,4,3,3,2,4,3,3,4,3,2,3,4,3,2,2,5,4,3,2,3,3,3,4,4,3,1,2,1,3,3,3,2,1,2,2,2,2,2,1,1,3,1,2,3,3,1,2,3,2,2,3,3,3,3,4,4,4,4,3,4,4,2,2,2,2,3,3,1,3,0,0,1,1,0,1,0,0,0,0,0,1,1,0,0,0,0,0,1,1,1,0,0,1,0,2,1,1,1,0,1,0,0,0,6,4,30,25,30,18,20,14,18,11,9,15,67,0,2,1,1,0,1,5,2
"121",20,2,3,1,3,3,3,3,2,3,3,3,2,2,2,4,2,3,3,3,3,3,2,3,2,3,3,2,3,3,3,3,2,1,2,2,3,2,3,3,3,2,2,1,2,1,2,1,2,2,1,2,1,2,2,1,1,1,1,2,1,2,1,1,2,1,1,1,1,1,1,1,4,3,4,3,3,2,3,3,3,3,3,3,4,4,3,4,4,4,4,1,2,1,1,0,0,1,2,1,0,0,0,1,0,1,0,0,0,0,0,1,1,1,1,0,1,1,0,1,1,0,1,1,0,6,4,17,25,23,30,20,10,6,7,8,10,41,0,0,3,3,4,1,11,2
"122",33,1,3,2,4,2,2,2,3,2,2,2,2,1,1,3,2,4,1,2,3,1,2,1,2,3,2,2,4,2,3,2,4,4,2,2,4,2,2,3,3,2,1,2,2,4,2,1,2,1,2,2,3,1,1,3,1,1,1,1,1,1,1,1,2,1,2,1,1,2,1,1,5,5,4,4,4,3,3,3,3,2,3,4,4,4,4,4,2,4,4,0,2,0,1,0,1,1,2,0,0,0,0,1,0,0,0,0,0,1,0,0,1,1,1,0,1,1,1,2,0,1,0,1,0,7,4,22,27,25,30,12,10,13,8,7,8,46,0,1,2,0,4,1,8,2
"123",22,3,3,2,1,1,3,3,2,5,2,3,1,3,1,2,1,3,5,1,2,1,3,3,1,3,3,1,5,5,2,5,1,3,5,5,3,1,1,1,2,1,2,3,3,4,3,3,1,3,1,1,1,3,2,4,1,3,4,3,1,1,1,1,1,3,1,3,4,1,3,2,5,1,5,3,4,4,4,3,4,3,4,5,5,5,5,5,5,5,5,0,1,3,0,0,0,0,1,3,0,1,0,0,1,3,0,2,0,0,0,1,1,1,1,0,1,1,2,2,0,1,0,0,0,7,4,22,28,29,40,23,7,11,20,12,17,67,3,0,0,9,3,0,15,2
"124",25,1,1,1,4,5,3,4,3,4,3,3,4,3,2,3,4,4,1,4,3,3,4,2,1,2,3,4,4,4,2,3,4,4,4,2,2,4,4,5,3,3,1,2,4,2,2,1,2,1,2,2,2,1,1,1,2,3,1,2,2,1,2,1,1,2,2,1,1,2,1,3,4,5,5,2,3,3,3,4,4,4,3,1,2,2,2,2,2,2,3,1,0,0,0,0,1,1,0,0,0,1,1,1,0,1,0,0,0,0,1,1,1,0,1,0,1,1,2,2,1,0,0,0,0,7,4,27,35,26,16,19,10,12,7,7,15,51,1,2,3,1,0,0,7,2
"125",23,2,1,3,1,1,4,4,1,2,1,4,1,1,5,1,2,1,5,1,2,3,4,4,5,4,5,2,4,2,2,4,2,4,1,4,2,1,4,1,1,4,1,3,4,1,3,1,1,4,3,1,3,4,3,4,2,3,4,3,1,1,3,1,1,4,1,4,2,1,4,3,1,1,1,2,5,5,4,2,4,4,5,5,5,4,5,4,4,5,2,0,2,0,3,0,2,0,0,0,0,0,0,0,0,2,0,0,0,0,0,3,0,0,1,0,3,3,2,1,0,1,0,0,1,11,4,22,10,31,34,28,6,15,24,9,20,74,0,2,0,2,2,3,9,1
"126",22,2,3,1,3,3,4,3,2,3,3,4,2,3,3,3,2,2,3,3,3,3,2,2,3,2,4,2,2,3,4,3,3,2,2,3,3,3,3,1,2,3,2,1,3,3,2,1,1,1,1,2,1,2,1,2,1,2,1,4,1,2,2,1,2,1,1,1,2,2,1,3,3,3,3,3,3,3,3,4,2,3,4,3,4,4,3,4,3,3,3,0,3,0,1,0,1,0,0,0,0,0,0,1,1,0,0,0,0,1,0,1,1,1,1,0,0,0,2,1,0,0,0,0,0,3,5,17,21,25,27,23,10,9,7,8,16,50,0,1,1,0,4,1,7,1
"127",23,1,3,1,1,4,3,4,1,3,3,1,4,1,3,3,4,5,3,3,2,2,3,3,4,2,1,4,3,2,2,1,4,2,3,1,1,3,3,2,3,3,2,1,3,2,1,2,1,2,3,1,4,3,3,1,3,1,1,1,1,2,3,1,1,2,3,2,2,3,2,1,3,3,2,2,3,3,4,4,4,5,3,2,2,2,3,2,2,3,3,0,3,0,0,0,2,0,3,0,0,0,3,0,3,1,0,0,2,1,1,1,1,0,0,1,1,2,0,0,0,0,0,0,0,3,5,19,19,28,19,12,9,16,10,13,10,58,0,7,0,1,9,0,17,2
"128",35,3,1,1,5,3,5,5,2,5,3,4,3,1,1,4,2,4,1,1,2,3,1,2,1,3,5,3,2,4,3,5,2,1,5,5,4,1,2,3,5,4,1,1,1,1,3,1,2,1,1,1,1,2,1,3,1,1,1,1,1,1,1,1,1,2,2,2,2,1,2,1,5,5,5,1,3,2,4,3,3,2,1,3,3,4,5,3,4,5,2,3,0,0,1,0,1,3,0,0,0,0,0,4,0,0,0,0,0,1,1,1,1,0,1,0,0,0,1,1,1,1,0,0,0,4,5,14,37,19,29,29,7,6,11,8,9,41,0,1,10,0,0,1,12,1
"129",58,4,2,5,5,2,2,3,5,5,1,4,1,5,2,3,1,5,2,1,2,5,5,5,1,2,5,1,3,4,1,5,1,5,4,4,2,2,4,5,3,1,1,1,3,4,4,1,2,2,1,1,1,2,1,1,2,2,3,2,1,1,1,1,1,1,1,2,1,1,2,2,4,4,5,3,5,3,4,4,5,4,3,4,5,5,5,5,5,4,5,1,1,0,0,0,0,2,0,0,0,0,1,3,0,0,0,0,0,1,0,1,1,1,1,0,0,0,0,1,0,1,1,0,1,4,5,37,36,31,38,30,7,10,11,6,15,49,0,1,6,0,1,0,8,1
"130",25,3,3,1,4,2,4,2,3,3,2,2,3,1,2,3,2,3,2,3,2,2,3,2,2,3,1,2,2,2,3,3,3,3,3,2,3,3,3,2,2,3,2,2,3,2,2,3,3,4,1,2,1,3,2,2,3,2,1,2,1,3,2,1,2,1,1,1,3,2,3,2,4,4,4,4,4,3,4,3,3,3,4,4,3,4,3,4,3,3,3,1,3,3,1,0,1,2,0,1,0,1,1,2,1,2,2,1,1,1,1,1,0,1,1,0,0,0,2,1,0,1,0,0,0,4,5,19,26,28,27,16,12,11,12,13,14,62,2,3,5,6,4,3,23,1
"131",26,3,3,3,4,3,4,3,5,4,1,3,2,2,1,2,1,5,4,2,1,4,4,4,1,1,5,2,4,5,2,4,2,3,4,3,1,1,4,4,1,1,1,1,4,1,4,2,1,1,1,1,1,1,1,2,1,1,1,2,1,1,1,1,1,1,1,1,1,1,1,1,5,2,5,3,5,4,5,5,4,5,5,3,4,5,4,4,4,5,5,0,1,0,0,0,0,0,0,0,0,0,0,0,0,0,0,0,0,0,1,1,1,1,1,0,2,2,0,0,0,1,0,0,0,5,5,30,33,36,34,27,6,6,7,7,13,39,0,0,0,0,1,0,1,1
"132",55,3,1,1,4,2,4,2,1,4,2,3,2,4,2,2,2,3,2,3,2,2,4,3,2,2,3,2,3,4,3,3,4,4,4,3,3,2,3,4,3,2,1,2,1,1,2,1,2,1,1,2,3,3,1,2,1,3,3,2,1,1,1,1,2,1,1,1,2,2,1,1,4,4,4,4,4,4,4,4,3,3,3,4,4,4,3,4,2,4,4,0,0,1,0,0,0,0,1,1,0,0,0,0,3,2,1,0,0,1,1,1,1,0,1,0,0,0,1,1,2,1,0,0,0,5,5,23,32,29,29,21,10,9,9,7,12,47,0,0,0,4,4,1,9,2
"133",25,1,3,1,4,2,4,3,2,5,1,4,2,1,2,3,4,3,2,2,2,1,3,4,2,1,3,5,1,4,1,3,2,1,3,3,2,1,4,5,1,2,1,2,4,1,2,1,1,1,3,1,2,2,1,1,1,2,2,1,1,1,3,1,1,2,1,2,1,1,2,2,4,4,4,3,5,3,4,5,5,4,5,4,4,2,4,1,4,5,4,0,1,0,0,0,3,0,0,0,0,0,0,0,1,1,0,0,0,0,2,2,1,0,0,0,1,1,1,1,1,1,0,0,0,6,5,16,33,34,28,22,6,12,10,6,13,47,0,3,0,1,2,0,6,2
"134",25,2,3,2,3,3,4,3,3,4,2,2,2,5,2,2,1,2,1,2,1,2,4,2,2,4,3,2,4,4,4,4,3,1,2,3,4,4,4,3,4,2,3,2,2,3,3,2,2,3,2,3,2,3,2,3,3,2,2,2,2,1,1,1,3,3,2,2,2,2,2,1,4,5,4,3,4,4,5,2,2,2,2,3,4,5,4,4,3,2,4,0,0,0,0,0,0,0,0,1,0,0,1,0,0,1,0,0,0,0,1,2,0,0,1,1,0,1,1,1,1,1,0,1,0,6,5,25,29,24,29,20,15,13,15,10,13,66,0,1,0,2,0,0,3,2
"135",23,3,3,2,4,1,1,2,3,3,2,3,3,1,2,2,1,3,2,1,2,1,3,2,3,4,3,1,3,3,3,3,3,2,3,4,3,1,3,2,3,1,2,3,2,3,2,1,2,2,4,2,3,3,3,4,1,2,2,1,2,1,2,1,2,2,1,1,1,2,1,1,4,4,3,4,4,4,4,2,3,3,3,5,3,5,5,5,3,5,5,1,2,3,0,3,1,1,2,3,2,3,1,4,2,2,0,1,0,1,1,1,1,0,1,0,1,1,3,1,0,0,0,0,0,6,5,20,26,27,36,17,12,16,12,8,11,59,7,2,6,8,6,2,31,1
"136",25,3,1,1,2,3,2,4,2,2,3,3,3,3,3,4,3,2,4,3,2,2,4,3,2,3,3,3,4,3,3,3,3,3,2,3,4,3,4,3,4,3,1,2,4,2,2,2,1,1,1,1,2,1,3,2,1,3,3,2,1,2,2,1,1,2,2,2,1,1,1,2,3,2,4,2,3,2,4,3,3,2,2,3,3,3,3,3,3,3,3,2,2,0,0,0,1,2,0,0,0,0,0,1,0,0,0,0,0,1,1,1,1,0,1,0,1,1,1,2,1,1,0,0,0,7,5,23,21,21,24,19,6,10,11,11,14,52,0,1,5,0,2,0,8,2
"137",56,3,5,3,3,3,4,4,3,3,3,3,4,4,2,4,3,3,3,4,4,3,2,3,2,3,2,3,3,2,3,3,3,2,2,3,3,3,3,2,3,2,2,3,2,3,2,1,1,2,2,1,1,2,3,2,2,2,3,2,1,3,2,1,2,3,3,3,2,1,2,1,4,3,4,2,3,2,2,3,3,3,3,3,2,3,2,3,3,3,4,1,1,0,1,0,1,1,0,1,0,0,0,1,0,1,0,0,0,1,1,1,1,0,1,0,1,1,0,1,1,1,1,0,1,7,5,23,23,21,23,21,8,13,15,13,11,60,0,1,3,2,1,1,8,2
"138",24,2,3,3,4,3,2,4,3,4,2,2,3,3,2,3,3,3,2,3,4,2,3,3,1,1,4,4,3,4,2,2,3,4,4,2,2,1,4,4,3,4,1,2,3,3,1,1,2,1,2,1,2,3,1,1,1,1,1,3,1,1,2,1,1,1,1,1,2,1,1,2,4,4,5,2,4,3,2,5,4,4,3,3,3,3,3,2,3,5,2,0,1,0,0,0,1,0,1,0,0,0,1,1,1,0,0,0,0,1,1,1,1,0,1,0,1,1,1,1,1,1,1,0,0,7,5,26,33,27,24,17,7,12,6,7,13,45,0,2,1,0,3,0,6,2
"139",23,2,3,1,2,3,3,2,1,2,2,3,3,3,2,2,1,3,2,1,2,2,1,3,4,5,4,4,5,2,4,2,4,2,2,2,5,2,4,2,4,1,1,3,3,4,3,1,3,4,3,1,3,2,2,4,3,2,4,3,1,2,3,3,1,4,1,4,4,2,4,2,4,4,2,4,4,4,4,1,2,1,2,3,3,5,5,2,2,4,5,0,0,0,0,0,1,0,0,0,0,1,0,0,0,0,0,1,0,1,1,1,1,0,1,0,0,1,0,3,3,1,0,0,0,8,5,20,20,22,29,19,9,19,24,13,15,80,2,1,0,0,0,0,3,2
"140",35,2,1,3,2,3,2,4,2,3,2,3,3,2,3,3,3,3,3,3,3,3,3,2,3,3,2,3,3,2,3,2,3,3,3,2,3,3,3,2,3,3,2,3,3,3,3,2,2,2,2,1,3,2,3,2,3,3,1,1,1,3,2,2,1,2,2,2,2,1,1,2,3,3,3,2,4,3,3,3,3,3,3,3,3,3,3,3,3,3,3,0,2,0,0,0,1,1,1,0,0,0,1,0,0,0,0,0,1,1,1,1,1,0,0,1,0,1,2,1,1,2,1,0,0,8,5,22,21,24,24,16,8,16,10,14,14,62,0,3,1,0,3,0,7,1
"141",25,1,3,3,5,2,4,5,4,5,4,2,2,3,1,5,2,4,1,2,3,2,3,3,1,3,3,2,4,5,3,3,2,3,5,3,3,2,4,5,3,2,1,2,2,2,3,1,2,1,1,1,2,1,1,2,1,1,1,2,1,1,1,1,1,1,1,1,1,1,1,1,5,5,5,1,2,1,3,3,3,3,3,4,4,4,4,4,4,4,4,0,0,0,0,0,0,0,0,0,0,0,0,0,0,0,0,0,0,1,0,0,1,3,0,0,2,2,0,1,0,2,1,1,0,9,5,28,40,19,32,20,7,9,7,6,10,39,0,0,0,0,0,0,0,2
"142",58,3,8,1,3,2,3,4,2,4,2,1,1,1,2,5,1,4,2,1,4,1,2,3,1,4,4,1,3,4,4,4,1,2,3,4,2,1,3,3,4,2,2,2,1,3,2,1,1,2,1,1,1,1,1,3,1,1,2,1,1,1,1,1,1,2,1,2,1,1,2,1,4,4,5,2,4,1,2,2,2,4,2,4,5,5,5,5,5,5,4,4,1,1,0,0,0,3,0,1,0,0,0,3,0,1,0,0,0,1,0,1,1,0,1,1,2,1,1,2,1,1,1,0,1,10,5,18,30,19,38,20,7,9,13,6,7,42,0,0,10,3,1,0,14,1
"143",60,3,5,3,4,3,2,4,3,4,4,2,4,2,4,2,2,4,2,2,4,2,2,3,2,4,2,4,3,4,3,2,2,4,4,2,4,4,3,4,4,4,2,3,4,4,3,3,2,1,2,2,3,3,2,2,1,2,2,2,1,1,3,1,2,4,1,2,2,2,1,2,2,4,4,2,2,4,2,2,3,2,2,3,2,4,4,2,4,2,2,0,1,0,0,0,1,1,0,0,0,0,1,0,0,0,0,0,0,1,0,1,2,0,0,1,1,1,2,3,1,1,2,1,0,12,5,24,30,19,23,15,11,16,12,10,16,65,0,2,1,0,1,0,4,2
"144",53,3,1,3,5,4,4,2,4,5,2,3,3,2,1,2,1,5,1,3,1,1,4,4,1,2,4,4,4,4,1,4,4,5,5,4,1,4,4,5,2,1,2,1,1,3,2,2,3,2,2,2,2,2,1,2,2,2,3,3,1,1,2,1,2,2,1,2,2,2,4,2,5,5,5,4,4,4,5,4,5,5,4,2,3,5,3,2,2,2,5,3,3,2,0,2,0,3,1,0,0,0,0,1,1,1,0,0,0,1,1,1,1,1,0,1,0,0,0,0,0,0,0,0,0,0,6,31,39,35,24,24,12,12,15,8,12,59,2,0,7,3,5,0,17,2
"145",34,1,5,4,4,4,3,3,3,4,3,2,3,2,1,3,2,3,2,4,4,2,3,2,3,3,3,3,2,3,4,2,4,3,4,2,3,3,3,4,3,3,1,2,3,3,2,1,2,1,2,2,1,2,1,2,2,1,1,2,1,2,1,1,2,1,2,1,2,2,1,2,5,4,3,3,3,3,2,3,2,3,3,2,3,4,2,3,2,3,3,1,1,1,0,0,1,1,1,1,0,0,2,1,0,1,0,0,1,1,0,1,1,0,1,2,1,0,0,1,1,1,0,0,0,4,6,23,31,22,22,16,10,11,7,9,12,49,0,4,3,3,2,0,12,2
"146",39,3,1,1,4,4,3,3,1,4,3,3,3,1,2,3,1,2,2,2,1,4,3,1,1,1,5,3,1,4,3,4,1,5,5,4,1,1,2,4,1,3,3,2,1,2,3,1,2,2,2,2,2,2,1,2,1,2,1,1,1,1,1,1,3,1,1,1,1,2,1,1,4,4,5,3,3,3,5,5,3,5,5,2,3,5,4,3,5,5,3,1,1,1,0,0,0,1,0,0,0,0,0,1,0,1,0,0,0,0,1,2,2,0,1,0,1,0,1,1,0,0,1,0,0,4,6,16,34,32,30,24,13,10,8,6,10,47,0,0,3,2,1,0,6,1
"147",67,3,7,4,3,3,4,1,3,4,1,4,2,1,1,1,1,4,1,2,1,3,5,1,1,1,1,1,5,4,1,1,2,5,4,1,2,2,3,3,4,1,2,1,1,1,3,1,1,1,1,2,2,3,2,2,1,1,1,1,1,1,1,1,3,1,1,1,2,1,1,1,5,5,5,5,5,5,5,5,5,4,2,3,4,5,4,5,4,4,5,1,1,0,0,0,0,1,0,0,0,0,0,1,0,0,0,0,0,0,0,0,2,3,1,0,0,0,3,1,0,0,0,0,0,4,6,30,33,36,34,15,10,7,7,8,10,42,0,0,3,0,1,0,4,1
"148",23,1,3,1,4,3,4,5,5,4,4,2,3,3,1,5,3,3,2,4,3,3,4,4,2,3,2,4,2,4,4,2,2,3,3,2,4,4,5,3,4,2,2,1,4,3,2,2,2,2,1,3,3,4,3,4,4,4,2,4,2,2,2,1,3,2,1,2,1,2,2,4,5,4,4,1,2,1,3,3,2,2,2,3,3,3,2,2,4,2,4,1,2,0,0,0,2,0,0,1,0,0,0,0,0,0,0,0,0,2,1,1,0,0,1,1,2,1,0,0,0,1,0,0,1,5,6,26,31,16,23,19,14,14,14,10,22,74,0,2,1,1,2,0,6,1
"149",54,2,1,1,2,3,1,2,1,4,2,3,1,1,1,1,1,4,1,1,1,1,1,1,1,2,1,3,1,2,3,1,2,1,4,1,3,3,3,3,3,1,1,2,3,2,2,1,1,1,2,1,4,2,1,2,2,1,1,1,1,1,1,1,1,1,1,1,1,1,1,1,5,5,5,4,4,5,5,4,3,3,3,3,5,5,5,3,4,3,5,0,0,0,0,0,0,0,0,0,0,0,0,2,0,0,0,0,0,1,0,2,1,0,1,1,1,1,0,1,0,1,1,0,0,5,6,13,30,31,33,9,6,13,7,6,10,42,0,0,2,0,0,0,2,2
"150",19,2,3,1,4,1,4,1,5,4,2,3,1,3,1,1,1,5,1,1,1,1,3,1,4,2,2,1,2,4,2,3,1,2,4,3,2,2,3,3,2,1,2,2,1,2,1,1,1,1,3,2,3,2,1,1,1,1,1,1,1,1,3,1,1,2,1,1,1,1,1,1,5,5,2,5,4,5,5,4,4,4,4,5,5,5,5,5,5,4,5,0,3,0,0,0,2,0,0,0,0,0,0,0,0,0,0,0,0,0,2,2,1,1,0,0,2,0,0,0,3,0,0,0,0,5,6,24,31,35,39,17,8,14,7,6,7,42,0,2,0,0,3,0,5,1
"151",45,4,2,1,4,3,4,3,3,4,2,4,3,2,4,3,1,4,1,1,2,4,2,4,2,2,4,2,3,3,3,3,1,2,4,4,2,2,4,3,3,3,1,1,2,4,2,1,1,1,1,1,1,3,1,2,1,2,3,2,1,3,1,1,1,1,1,1,1,1,1,1,2,5,4,3,4,3,4,4,3,4,3,3,3,5,5,4,5,4,3,0,0,0,0,0,0,0,0,0,0,0,0,0,0,0,0,0,0,1,0,1,1,1,1,1,1,1,0,1,1,1,1,0,0,6,6,21,29,28,32,27,6,9,9,8,12,44,0,0,0,0,0,0,0,2
"152",22,2,3,1,5,3,3,4,2,4,2,4,3,4,3,3,2,4,2,3,2,4,4,3,3,1,4,2,4,5,2,2,1,4,5,5,2,3,4,4,3,1,2,1,2,1,3,2,1,1,1,2,1,4,3,1,2,2,1,2,2,2,2,1,2,1,1,1,2,2,1,3,3,4,3,2,4,3,4,5,4,4,3,3,3,4,3,4,5,3,5,1,1,2,0,1,0,0,1,2,0,1,1,2,1,2,0,3,0,1,1,2,1,0,1,0,2,1,1,1,1,1,0,0,0,7,6,27,33,29,30,25,11,8,6,11,16,52,5,1,3,6,3,0,18,2
"153",27,1,2,3,3,3,3,4,2,3,1,4,4,1,2,4,5,2,2,5,3,3,4,4,2,3,3,5,3,4,4,2,5,4,3,2,4,2,2,4,3,2,1,2,3,1,1,1,1,1,2,1,2,3,4,2,1,2,1,3,1,1,2,1,1,3,2,1,1,2,1,2,4,4,4,2,5,2,3,3,2,2,3,3,2,1,1,1,1,4,4,0,3,0,0,0,3,0,3,1,0,0,1,0,3,0,1,0,3,1,1,1,1,1,1,0,1,1,2,0,1,1,1,0,1,8,6,21,29,22,17,21,7,10,9,10,14,50,0,7,0,1,9,1,18,1
"154",35,1,6,1,2,2,2,4,1,2,2,1,1,1,2,3,2,4,2,1,2,1,4,2,3,2,1,2,3,2,2,1,2,3,1,2,2,1,2,2,3,2,2,1,3,2,2,1,1,3,1,2,1,2,1,3,1,1,4,2,1,1,1,1,2,3,2,3,2,1,2,1,4,4,3,2,4,3,4,4,4,4,3,4,5,4,5,4,4,5,4,0,3,2,0,2,0,0,0,1,0,1,0,0,0,1,0,2,0,1,0,2,1,1,1,0,1,1,0,2,0,1,2,0,1,8,6,19,20,28,35,10,9,7,18,8,11,53,5,0,0,4,3,0,12,1
"155",21,2,3,4,4,3,4,4,5,5,3,3,2,3,1,2,2,4,5,4,5,2,5,3,2,2,2,1,4,4,4,4,2,2,4,2,3,4,4,4,3,2,2,2,4,4,4,2,3,2,2,3,4,4,3,2,4,4,1,4,2,3,3,2,2,2,3,2,3,3,2,4,5,1,4,2,3,4,1,4,2,3,3,3,4,4,2,5,4,2,4,0,1,2,0,1,1,0,1,4,0,1,2,0,0,3,1,0,0,1,0,1,2,1,1,0,1,1,2,2,2,1,0,0,0,9,6,31,31,22,28,20,15,19,11,16,24,85,2,3,0,9,2,1,17,2
"156",38,4,2,4,5,2,4,4,5,5,2,3,3,2,2,4,2,4,1,3,3,3,4,3,2,2,3,2,5,5,2,3,2,5,5,3,2,2,4,5,2,3,1,1,3,3,3,2,1,1,2,1,3,2,1,1,2,3,2,3,1,1,2,1,1,2,1,2,2,1,1,3,4,5,4,2,4,2,3,4,4,4,4,4,3,4,3,4,4,4,3,0,0,1,0,0,0,0,0,0,0,0,0,0,0,1,0,0,0,1,1,1,2,1,0,0,1,0,2,1,1,3,0,1,0,9,6,33,38,27,29,22,6,13,9,8,17,53,0,0,0,2,0,0,2,2
"157",22,1,8,3,2,3,3,5,4,4,4,3,3,2,2,5,2,2,2,3,2,4,3,2,2,2,3,3,4,3,4,3,3,3,4,3,2,3,2,2,2,3,3,1,2,2,2,3,4,4,3,2,4,2,4,3,1,2,3,1,1,2,3,1,1,2,1,3,3,1,3,1,4,4,4,1,2,1,4,4,2,4,4,3,3,4,3,3,3,3,3,2,4,1,2,3,0,1,2,0,0,3,1,2,1,0,0,4,1,1,1,2,2,0,0,0,3,2,1,1,1,2,1,0,0,11,6,23,27,22,25,21,12,14,18,14,10,68,10,2,5,1,7,2,27,1
"158",25,3,6,1,5,2,3,2,2,2,1,1,1,1,1,3,1,2,4,1,1,1,2,1,2,3,1,1,3,1,4,1,2,2,1,1,3,1,2,1,2,1,2,3,1,1,1,1,2,2,1,2,1,2,1,2,1,1,3,1,2,1,1,1,2,1,1,2,1,2,2,1,5,2,4,4,5,3,5,3,2,3,4,4,5,5,5,5,4,5,5,1,0,1,0,0,0,1,0,1,0,0,0,1,0,1,0,0,0,1,1,1,2,0,1,0,1,1,3,3,3,1,1,0,0,13,6,15,21,29,38,9,12,8,12,6,7,45,0,0,3,3,0,0,6,2
"159",25,2,3,1,4,3,3,2,3,4,4,3,4,4,2,4,3,3,2,3,3,3,2,3,2,3,4,3,2,3,3,3,3,2,4,3,3,3,4,3,3,3,1,2,3,2,2,1,2,2,1,1,2,1,1,3,1,1,2,2,1,1,2,1,1,3,1,2,1,1,2,1,4,4,4,4,2,2,3,3,3,3,3,3,2,3,3,3,3,3,3,1,1,0,0,0,3,1,1,0,0,0,1,0,0,1,0,0,0,2,1,1,1,1,0,1,0,0,1,0,0,0,0,0,0,1,7,21,30,23,23,22,7,10,14,6,10,47,0,4,2,1,2,0,9,1
"160",22,2,3,1,3,2,3,3,4,3,3,3,2,4,2,2,1,3,2,1,2,2,4,3,2,2,3,2,4,4,3,3,2,4,4,2,3,2,3,3,3,1,1,1,2,2,2,1,2,2,2,2,2,3,1,1,1,1,1,2,1,1,1,1,2,1,1,1,1,2,2,1,4,4,4,3,3,4,4,4,3,3,3,4,4,5,5,4,4,4,5,0,1,1,0,1,1,0,1,0,0,1,0,0,1,1,0,0,0,1,1,1,1,1,2,0,0,0,0,1,1,0,1,1,0,4,7,27,29,27,35,19,10,9,8,6,11,44,2,1,0,2,3,0,8,2
"161",25,1,3,3,4,4,2,3,5,5,2,2,4,5,2,3,3,4,2,3,3,2,4,1,3,2,3,4,4,4,3,2,3,2,4,2,3,4,4,3,2,4,2,3,4,3,2,4,3,1,2,2,3,3,3,3,3,4,2,2,1,3,4,1,2,1,2,1,2,2,1,3,4,4,3,3,4,3,3,4,3,3,4,2,2,3,3,2,3,2,2,0,1,3,2,0,0,0,2,3,0,0,1,0,0,3,0,0,0,1,1,2,1,0,1,1,0,1,1,1,1,1,0,0,0,5,7,31,31,27,19,14,12,18,9,15,18,72,0,1,0,9,3,2,15,2
"162",22,3,3,1,4,3,4,3,2,4,3,4,3,1,2,3,3,2,2,4,3,3,4,4,2,3,3,3,4,3,3,3,3,2,4,3,3,2,4,4,4,3,3,2,3,3,3,2,3,2,1,3,1,3,2,3,2,2,2,2,2,1,3,1,3,3,1,2,2,3,2,2,4,4,4,3,3,3,3,3,3,3,2,3,3,3,2,3,3,4,3,1,2,3,2,3,1,0,2,2,1,2,1,0,1,4,0,3,0,1,1,1,1,1,1,1,0,0,1,1,1,1,1,0,0,5,7,20,31,23,24,24,17,12,14,9,15,67,8,2,1,9,5,3,28,2
"163",22,3,3,1,2,3,2,3,3,3,3,2,3,2,3,3,2,3,4,2,4,2,4,1,2,4,2,3,3,3,3,1,4,3,4,1,4,1,2,2,4,2,2,3,3,4,2,1,1,1,2,2,3,2,2,1,3,1,1,1,1,1,3,2,1,1,3,1,2,2,1,4,3,2,4,3,3,3,2,2,3,2,2,3,3,4,4,3,2,5,4,0,1,0,0,1,3,0,0,0,0,0,1,0,0,0,2,0,1,1,2,2,1,0,0,1,1,1,0,2,0,0,1,0,1,6,7,21,23,20,28,11,9,18,6,11,13,57,1,5,0,0,1,2,9,1
"164",26,3,1,4,5,5,4,3,3,4,2,3,3,2,3,2,4,4,2,4,2,3,5,3,2,3,4,5,4,4,3,3,4,5,4,3,2,3,3,3,2,4,2,2,4,3,2,1,2,4,2,2,3,2,2,3,3,3,2,2,1,1,2,1,2,2,2,2,2,2,1,1,3,4,4,3,4,4,4,3,3,4,4,1,3,2,2,1,2,3,2,0,3,1,1,0,1,0,0,1,0,0,0,0,0,1,0,0,0,1,1,2,1,0,1,1,0,2,0,1,1,1,1,0,0,6,7,30,31,29,16,23,11,15,14,9,14,63,0,1,0,3,3,1,8,2
"165",28,1,1,2,5,3,4,2,4,5,2,5,2,4,1,2,1,5,5,2,1,1,3,2,1,1,3,1,5,4,1,1,1,5,5,4,2,1,5,5,3,4,1,1,3,1,3,1,4,1,1,1,1,4,2,2,1,1,2,3,1,1,1,1,3,2,3,1,2,3,1,1,5,1,5,4,4,4,5,5,5,4,3,3,4,5,4,5,5,5,2,0,0,0,0,0,0,0,1,0,0,0,0,0,1,0,1,1,0,1,0,2,1,1,1,1,1,1,1,1,0,0,0,2,1,7,7,33,35,34,33,20,13,6,9,10,15,53,1,0,0,0,2,1,4,1
"166",27,3,3,1,2,4,3,4,3,2,4,3,3,4,3,4,4,4,4,3,3,2,3,3,3,4,4,3,2,2,4,3,4,3,2,4,4,4,2,2,4,4,2,1,2,1,1,2,2,1,1,1,1,1,1,4,1,1,1,1,1,2,1,1,2,1,2,1,3,2,2,1,3,2,3,2,2,2,3,2,2,2,2,2,3,2,3,3,2,2,2,0,0,0,0,0,1,1,0,0,0,0,0,0,0,0,0,0,0,1,1,1,1,1,1,1,1,1,1,1,1,1,0,0,1,7,7,22,18,17,19,22,10,6,10,11,7,44,0,1,1,0,0,0,2,2
"167",24,1,3,1,4,2,3,4,3,3,2,2,3,3,2,4,2,4,2,1,3,2,4,1,2,3,3,2,4,3,3,2,2,3,4,2,3,1,1,2,2,1,2,1,2,2,1,1,2,1,2,2,3,2,1,3,2,1,1,1,1,1,2,1,2,1,1,2,1,1,2,1,4,4,4,2,4,2,3,3,3,3,4,4,3,4,5,4,4,5,5,0,0,2,0,0,1,1,0,2,0,1,0,1,0,1,0,0,0,1,1,2,1,1,1,0,2,1,1,1,0,1,1,0,0,7,7,23,28,24,34,15,10,12,10,6,8,46,1,1,2,5,0,0,9,2
"168",27,3,2,2,4,5,3,4,3,4,2,3,3,2,1,2,4,4,1,4,3,3,4,4,3,3,2,2,4,4,2,3,4,5,3,1,2,4,3,4,2,3,2,1,3,3,3,4,3,2,3,2,3,3,3,1,2,4,1,2,1,1,3,1,1,1,3,1,2,3,1,3,5,5,3,2,4,4,3,3,4,4,4,1,3,2,2,4,2,2,3,0,1,0,0,2,1,0,0,0,0,0,0,0,0,1,1,0,0,1,1,2,1,1,1,0,2,1,2,1,0,2,1,0,0,9,7,27,32,28,19,19,12,15,7,14,18,66,2,1,0,1,1,1,6,2
"169",54,1,1,2,3,2,3,3,4,3,2,3,4,2,3,4,1,4,2,1,2,4,3,3,2,3,3,2,3,3,3,3,2,3,3,3,2,1,4,4,3,4,1,3,3,2,3,1,1,3,2,1,2,1,1,2,1,1,3,2,1,2,2,1,1,2,1,2,1,1,2,1,3,4,4,3,4,2,4,3,3,4,3,4,2,5,5,4,4,5,2,1,0,1,0,0,3,1,0,1,0,0,0,1,0,1,0,0,0,1,1,1,1,1,2,0,2,1,3,3,0,1,1,0,0,11,7,25,27,26,31,22,6,12,14,7,11,50,0,3,3,3,0,0,9,1
"170",30,2,4,3,4,3,2,3,2,3,4,2,3,4,3,4,2,3,3,4,3,2,2,2,2,4,3,3,4,4,4,3,2,2,4,2,3,4,4,4,4,3,2,2,4,2,3,2,3,4,2,2,2,2,1,3,1,3,4,3,1,2,2,1,2,4,3,4,2,2,4,3,3,3,4,3,2,2,3,2,2,3,2,3,3,4,2,3,4,2,3,1,3,0,0,0,1,1,2,1,0,0,1,1,3,1,0,0,0,1,1,1,2,0,1,1,1,1,3,2,1,3,2,0,0,13,7,24,29,19,24,16,12,11,23,11,18,75,0,2,3,2,8,0,15,2
"171",23,1,3,5,5,1,3,5,5,5,3,1,1,1,1,5,1,5,1,1,5,1,5,3,1,2,2,1,1,5,3,2,1,1,5,1,1,1,5,5,1,1,1,1,4,1,4,1,1,4,3,4,4,3,1,4,3,1,2,1,1,1,2,1,2,4,1,2,1,1,1,3,5,5,5,1,3,1,1,4,3,5,5,5,5,5,5,5,5,5,5,0,0,0,0,0,3,0,0,0,0,0,2,0,0,0,0,0,0,1,3,3,0,0,0,1,0,1,0,0,0,0,0,0,0,1,8,28,40,23,40,13,10,14,17,6,16,63,0,5,0,0,0,0,5,2
"172",29,3,3,2,5,2,4,3,2,5,1,3,2,1,1,2,2,3,1,5,2,4,4,2,1,1,3,2,3,5,2,4,2,4,4,4,2,1,4,5,1,5,3,1,4,1,4,1,1,1,3,2,3,4,1,1,1,4,1,4,1,1,3,1,1,1,1,1,1,2,1,3,5,5,5,3,5,4,4,5,4,4,5,4,4,4,1,4,4,5,1,0,1,0,0,0,0,0,1,0,1,0,0,0,0,0,0,0,0,1,1,1,1,1,3,0,0,0,0,0,0,1,0,0,0,1,8,23,39,34,27,24,10,12,6,6,23,57,0,0,0,0,2,1,3,1
"173",23,1,3,3,2,4,4,5,3,4,2,3,4,2,4,3,4,3,3,3,3,2,2,3,3,2,2,4,3,2,3,2,4,4,4,2,3,2,4,4,2,4,3,2,4,4,4,3,4,1,4,4,4,4,4,1,4,4,1,3,4,1,4,1,4,1,2,1,4,4,1,4,2,3,3,1,4,3,3,4,3,3,4,2,2,2,3,2,2,4,2,2,3,3,2,0,1,1,1,2,0,0,2,2,1,3,2,0,0,1,1,2,1,0,2,1,2,2,1,2,1,1,0,1,0,10,8,24,24,25,19,18,23,22,6,15,23,89,0,3,5,8,5,4,25,2
"174",22,1,1,3,1,4,1,5,4,1,3,1,2,4,4,4,4,3,4,4,3,4,3,2,3,3,3,4,3,2,3,3,4,4,1,3,3,4,4,4,3,3,1,2,3,3,3,3,1,4,3,2,2,3,4,4,2,3,4,3,1,2,3,2,1,3,3,4,4,1,2,3,2,2,3,1,3,2,3,3,3,3,3,2,4,2,2,2,2,2,3,0,0,2,1,3,0,1,0,2,1,1,2,1,0,1,1,3,3,1,1,2,2,1,1,0,1,1,2,2,2,2,1,0,0,11,8,28,16,21,19,17,7,15,21,18,18,79,7,5,2,5,0,3,22,2
"175",19,2,2,1,3,2,2,2,1,3,1,2,5,5,3,2,1,4,3,2,1,1,4,1,3,1,3,2,4,3,2,3,2,1,3,2,3,2,5,3,2,4,2,2,4,1,2,1,2,1,2,1,2,4,4,3,3,3,1,3,1,2,3,1,2,3,4,1,1,2,1,4,3,3,3,4,5,4,5,5,4,3,4,4,1,5,4,4,4,4,2,0,0,0,0,0,0,0,0,0,0,0,1,0,0,0,4,0,0,1,1,2,1,2,1,0,1,1,2,2,2,2,1,0,0,11,8,25,24,34,28,14,10,13,10,13,20,66,0,1,0,0,0,4,5,2
"176",26,1,4,3,2,3,3,4,3,2,3,3,4,2,3,3,3,2,2,2,4,4,4,4,3,4,3,2,3,2,4,4,2,2,1,3,3,4,3,2,3,3,2,3,3,3,2,2,3,2,2,2,2,3,2,2,3,3,2,3,1,2,3,2,3,2,3,3,2,2,3,3,3,4,3,2,3,3,2,2,2,3,3,3,2,3,4,4,4,2,3,1,2,1,0,0,2,0,0,1,0,0,0,0,1,0,0,0,1,1,1,1,1,2,2,0,1,2,1,1,1,1,2,0,2,11,8,22,19,20,25,24,13,16,14,13,17,73,0,3,1,2,3,0,9,1
"177",24,1,8,2,2,2,4,4,4,3,3,3,3,1,3,4,3,3,3,3,4,2,3,2,3,3,3,4,3,2,2,2,3,3,1,2,2,3,2,2,3,2,1,3,3,2,2,2,2,2,2,1,1,1,2,2,2,2,2,1,1,4,2,1,1,2,2,1,1,1,1,2,3,3,3,2,3,2,2,3,4,4,3,4,3,3,3,2,3,3,4,2,3,3,0,0,1,3,3,3,2,0,0,3,3,3,0,0,0,1,1,1,2,0,3,0,3,2,2,3,2,3,0,0,1,16,8,21,19,23,25,18,7,12,10,12,11,52,0,1,8,9,9,2,29,1
"178",36,3,1,1,5,4,5,2,2,5,5,3,4,1,1,3,3,1,1,2,4,2,4,2,2,4,2,3,3,5,5,2,3,1,3,3,5,2,2,5,5,3,1,1,1,2,3,1,1,1,1,1,1,2,3,2,1,3,1,1,1,3,1,1,1,1,1,1,1,1,1,1,5,5,4,4,1,3,2,2,1,1,1,2,2,3,4,3,3,4,3,1,3,4,4,1,1,0,3,3,4,0,0,1,3,4,3,0,1,1,1,1,1,2,2,0,1,1,2,3,3,3,1,3,2,19,8,15,37,15,24,19,6,7,7,10,11,41,1,2,2,11,9,11,36,2
"179",23,2,5,4,4,5,4,4,5,3,3,3,4,3,3,4,3,4,3,3,3,2,5,4,3,5,4,4,4,2,3,3,3,5,3,2,3,4,4,3,4,3,2,1,2,2,2,2,2,4,3,2,3,2,1,4,1,1,4,2,1,1,3,1,1,3,2,3,1,1,2,1,3,3,3,2,3,2,3,1,3,3,2,1,2,3,3,2,3,2,3,2,2,1,0,2,1,2,1,0,0,2,1,3,0,0,0,0,1,2,1,3,0,0,1,1,2,3,3,1,2,3,3,1,3,21,8,34,24,19,19,22,9,13,20,8,10,60,4,3,7,1,3,0,18,2
"180",40,3,6,2,5,3,3,2,4,5,1,3,4,3,5,2,3,3,1,3,3,3,5,3,2,2,1,3,4,4,2,2,3,5,5,3,2,4,4,5,2,2,2,1,4,1,4,3,2,4,2,2,2,4,2,1,1,3,2,2,1,3,1,1,2,1,1,1,2,1,1,2,1,5,4,4,5,4,3,4,4,4,4,3,2,3,3,3,3,2,4,0,0,2,0,0,1,0,0,0,0,0,1,0,0,0,0,0,0,2,1,1,2,2,1,0,1,1,2,2,1,1,0,0,0,8,9,30,34,32,23,18,10,8,10,12,19,59,0,2,0,2,0,0,4,2
"181",23,2,3,1,3,4,3,4,3,3,1,2,4,1,3,3,4,4,3,4,2,2,5,1,3,4,2,4,2,2,3,2,4,1,2,2,3,4,3,2,2,4,2,3,4,3,2,2,2,1,2,1,3,2,3,1,3,2,1,2,2,3,3,2,1,1,3,1,2,2,1,4,3,3,3,2,5,3,4,2,3,3,4,2,2,2,2,2,2,2,2,0,2,2,0,0,1,2,0,1,0,0,2,0,0,2,0,0,2,2,2,3,1,0,1,0,1,1,1,1,1,3,0,0,0,8,9,20,21,26,16,14,10,17,6,15,16,64,0,5,2,5,2,0,14,2
"182",35,3,2,2,2,3,3,4,3,2,4,2,4,1,4,3,3,2,3,3,4,2,4,3,4,4,2,3,1,2,2,4,4,4,2,2,3,3,2,4,3,3,1,2,3,2,2,1,1,1,3,2,3,2,1,1,2,1,1,1,1,1,3,1,1,1,2,1,2,1,2,2,2,3,2,2,2,3,2,2,4,3,3,3,2,3,3,3,2,3,3,0,1,2,2,0,1,0,2,2,0,1,0,0,1,3,0,1,1,1,1,1,2,2,1,1,1,1,2,2,1,1,1,1,1,11,9,19,19,21,22,18,7,15,7,8,11,48,2,2,0,7,4,2,17,2
"183",23,2,3,1,5,1,3,1,1,5,4,3,1,3,1,1,1,5,1,1,1,5,5,3,1,1,3,5,5,5,1,3,1,5,5,5,1,3,3,5,1,5,1,1,1,2,3,1,1,1,1,3,3,4,1,1,1,3,3,3,1,1,3,1,4,1,1,1,1,1,1,1,5,5,5,5,2,5,5,5,5,5,5,5,5,5,5,1,5,3,1,0,0,0,0,0,0,0,0,0,0,0,0,2,2,0,2,0,0,1,1,2,1,0,1,3,1,1,2,3,3,1,0,0,0,11,9,28,40,37,30,25,11,11,8,6,15,51,0,0,2,0,2,2,6,2
"184",25,2,3,2,2,1,1,4,3,2,3,1,3,3,2,4,3,3,2,3,3,3,4,1,2,2,2,3,2,2,2,2,4,3,1,3,2,2,2,2,3,2,3,2,1,1,2,2,2,1,3,2,3,2,2,2,3,2,1,1,1,1,3,3,2,1,1,1,2,1,2,1,4,4,4,2,3,2,3,4,4,4,3,5,3,3,3,3,2,4,4,0,3,0,0,0,2,0,0,0,0,0,1,0,0,0,0,0,3,1,3,3,0,0,1,1,1,2,3,3,3,1,0,0,1,14,9,22,21,25,27,13,11,15,8,11,9,54,0,6,0,0,3,0,9,1
"185",39,3,2,4,5,3,4,4,4,4,4,2,3,4,2,5,2,4,3,4,5,2,4,2,3,4,1,2,5,3,3,2,2,5,5,1,4,3,4,4,4,3,1,1,3,3,2,2,1,3,2,2,1,3,2,2,1,3,3,3,1,1,1,1,2,2,1,2,2,1,1,3,4,3,3,2,2,1,1,2,3,2,2,3,3,4,2,4,4,3,3,0,0,1,0,0,2,0,0,1,0,1,0,1,0,1,0,0,0,0,0,1,3,2,2,1,3,3,3,3,3,3,3,2,1,24,9,34,31,15,26,14,8,9,13,9,17,56,1,2,1,3,0,0,7,2
"186",41,3,2,3,4,3,3,3,2,3,3,3,4,3,2,2,2,4,4,3,3,4,4,2,2,2,4,4,3,3,3,3,2,3,4,3,1,2,3,4,2,2,2,2,3,3,3,2,2,1,3,2,2,3,3,2,3,2,1,2,2,2,3,3,2,2,2,2,3,2,2,2,4,2,4,3,3,4,3,4,3,5,4,3,2,4,3,2,4,4,4,2,2,1,1,0,1,1,1,1,0,0,1,1,0,1,0,0,1,2,1,1,2,1,1,2,1,1,1,1,1,2,1,0,0,8,10,25,28,29,26,22,12,16,10,15,15,68,0,3,4,3,3,1,14,2
"187",25,3,1,1,4,3,3,3,2,3,2,3,3,3,3,3,3,4,3,3,2,3,3,3,2,3,2,3,3,3,3,3,3,4,2,2,2,3,3,3,3,3,1,1,2,2,1,1,1,2,2,1,3,3,2,2,2,1,2,1,1,2,2,1,1,1,2,2,1,1,2,2,3,3,4,3,4,3,4,3,3,4,3,3,3,3,3,3,3,3,3,1,0,0,0,0,1,1,0,0,0,0,3,0,0,0,0,0,1,2,2,2,1,1,1,1,1,1,2,1,1,1,1,0,0,8,10,23,25,27,24,19,6,12,11,9,10,48,0,5,2,0,0,0,7,2
"188",32,3,5,2,2,4,4,5,4,3,4,5,4,4,4,4,3,4,4,4,5,5,2,4,2,3,4,4,1,2,3,4,3,2,3,1,2,3,3,1,1,3,1,2,4,4,4,1,2,1,2,3,4,3,3,1,4,4,2,2,2,2,3,1,3,1,2,1,3,3,1,3,2,2,4,1,2,2,1,3,3,4,5,2,2,3,2,2,3,3,3,1,0,0,0,0,2,2,0,0,0,0,2,1,0,1,0,0,0,2,2,2,2,0,1,1,0,0,3,3,0,1,2,0,0,9,10,22,19,21,20,27,14,19,7,12,20,72,0,4,4,1,0,0,9,2
"189",23,3,3,2,5,4,4,4,1,5,2,3,4,4,1,2,2,2,1,1,2,2,2,2,2,4,2,4,2,4,2,1,2,2,5,4,3,2,2,3,3,3,4,2,4,4,3,2,2,4,3,3,2,3,3,3,3,2,4,3,1,1,1,1,3,3,2,3,2,1,3,3,5,5,4,2,4,4,4,2,4,3,3,2,2,4,5,2,4,4,3,1,3,2,0,0,2,1,4,1,0,0,3,0,0,0,0,0,2,1,1,2,2,0,2,2,1,2,2,2,2,2,1,0,0,12,10,17,36,26,26,18,14,15,20,11,18,78,0,7,2,3,7,0,19,2
"190",24,1,3,3,2,3,3,4,4,4,4,4,3,4,3,4,3,4,3,3,2,3,3,2,2,2,4,2,4,3,4,4,2,2,3,4,3,2,4,3,2,2,1,2,3,3,2,2,1,1,3,2,1,2,4,3,2,2,1,2,1,2,1,3,1,1,2,2,2,1,2,2,3,3,4,2,2,2,4,4,2,3,4,3,3,3,3,4,4,4,4,1,0,1,0,0,2,2,0,2,0,1,0,2,0,1,0,0,1,2,1,1,2,2,1,1,3,2,1,2,1,1,3,0,0,13,10,28,25,23,28,24,7,12,10,15,13,57,1,3,5,4,0,0,13,1
"191",27,1,6,4,5,5,5,5,5,5,3,3,5,2,1,3,4,4,1,4,3,3,2,3,1,3,4,5,4,5,3,3,4,3,5,3,3,4,2,5,3,5,4,1,2,4,3,4,4,1,4,4,4,4,4,4,3,4,1,3,3,4,3,1,3,1,1,1,4,3,1,3,5,5,5,1,3,3,3,3,3,3,3,1,1,2,2,1,2,2,1,0,0,0,0,0,0,1,0,0,0,0,1,0,0,0,0,0,1,1,1,3,1,1,1,2,3,2,1,3,3,3,0,0,2,17,10,26,40,22,12,24,21,19,9,18,19,86,0,2,1,0,0,0,3,2
"192",26,3,1,3,2,3,2,3,3,1,1,2,2,3,4,4,4,4,4,4,3,2,4,2,4,3,3,4,4,2,3,2,2,4,2,2,2,3,3,2,2,4,2,1,3,3,1,1,2,3,2,2,4,1,3,3,3,2,4,3,1,2,2,1,2,2,1,3,1,1,3,1,2,2,2,3,5,2,3,3,3,4,4,3,4,2,2,2,4,3,2,0,0,0,0,0,0,0,0,0,0,0,0,0,0,1,0,0,0,1,1,1,1,2,3,2,0,1,1,1,0,1,1,0,0,5,11,28,15,27,22,15,10,15,18,9,11,63,0,0,0,1,0,0,1,2
"193",24,2,3,2,4,1,4,4,3,4,2,4,1,4,2,3,1,4,3,1,2,3,4,3,2,2,4,1,4,4,1,3,1,4,4,4,1,4,4,3,4,1,2,1,2,2,3,1,2,3,2,2,2,3,2,1,1,1,2,2,1,1,1,1,2,1,1,1,1,2,1,1,4,3,4,2,4,3,4,4,5,5,2,5,5,5,5,5,5,2,5,0,2,1,0,1,0,0,0,0,0,1,1,0,0,1,0,0,0,3,2,2,1,1,1,1,0,1,0,1,1,1,2,1,0,7,11,29,30,29,37,25,11,9,9,7,12,48,2,1,0,2,2,0,7,2
"194",25,1,3,1,5,3,4,4,2,5,3,4,1,4,1,4,1,5,1,3,4,4,5,3,1,2,4,1,5,5,2,2,2,5,5,2,1,3,4,4,5,4,2,1,2,1,3,1,3,4,3,3,2,2,1,2,1,3,4,3,1,1,2,1,2,1,3,4,3,1,3,2,5,5,5,2,3,2,2,4,4,5,1,3,5,5,3,5,4,3,2,0,0,1,0,0,1,0,0,0,0,0,0,0,0,0,0,0,0,2,2,2,2,1,1,1,1,1,1,1,1,1,2,0,0,8,11,31,39,23,30,23,12,10,18,10,15,65,0,1,0,1,0,0,2,2
"195",55,1,6,3,3,4,2,4,4,3,3,3,4,4,3,4,2,5,3,3,3,3,5,3,2,4,3,4,4,3,3,2,2,5,4,2,3,5,5,4,4,5,1,1,3,2,2,1,1,2,2,1,2,2,2,3,1,2,2,2,1,1,2,1,1,1,1,2,2,1,2,2,3,3,4,2,3,2,3,2,3,3,2,2,2,4,3,2,4,1,1,3,0,1,0,0,1,1,0,1,0,0,1,1,0,1,0,0,1,3,2,2,2,1,0,1,1,1,3,1,0,1,1,1,1,10,11,35,27,20,19,18,6,10,12,8,13,49,0,3,5,3,0,0,11,2
"196",26,3,1,2,2,3,3,3,4,2,1,2,2,1,2,3,3,4,2,3,2,1,2,2,3,3,3,3,3,3,3,3,3,3,2,2,3,2,2,2,2,2,3,2,3,3,2,2,3,1,2,3,3,3,3,2,3,3,1,2,2,2,3,1,2,3,2,1,1,2,1,2,4,4,3,3,5,3,4,3,3,3,4,3,4,3,3,3,3,4,4,0,2,2,0,0,1,0,0,0,0,0,0,0,0,0,3,0,0,2,2,2,2,2,1,1,1,1,1,2,0,0,0,0,0,5,12,21,22,28,27,16,15,16,9,11,15,66,0,1,0,2,2,3,8,2
"197",25,3,1,1,4,3,3,3,4,3,2,3,3,3,1,1,2,4,2,3,2,4,4,3,5,2,4,2,5,4,2,4,3,5,5,4,1,2,4,4,2,3,2,1,3,3,3,1,2,1,1,3,2,3,3,3,1,3,2,2,1,1,2,1,2,1,2,1,2,2,1,1,5,4,1,3,4,5,4,4,4,5,4,3,3,4,3,4,3,4,3,1,4,2,0,0,1,1,3,1,0,1,0,2,3,1,0,0,0,3,2,3,2,0,1,1,1,1,1,1,1,1,0,0,0,6,12,30,30,33,27,25,12,10,9,10,15,56,1,1,4,4,10,0,20,2
"198",24,1,3,4,3,4,3,4,4,4,3,2,4,1,2,3,2,4,2,3,4,1,4,2,2,3,1,3,4,2,2,1,4,4,3,2,4,3,3,3,3,5,1,1,3,3,2,1,1,4,4,4,3,2,4,3,2,2,3,1,2,2,3,1,1,3,3,3,2,1,2,2,4,4,4,2,3,3,2,3,4,2,3,2,2,4,3,3,2,3,1,0,0,1,0,2,1,0,0,1,0,3,0,0,0,1,0,0,0,3,2,3,3,1,0,0,2,1,3,2,1,1,1,0,0,11,12,28,27,22,20,12,10,16,18,13,12,69,5,1,0,3,0,0,9,2
"199",25,2,3,2,2,5,3,4,3,2,1,2,5,1,4,3,5,3,4,4,3,2,4,5,4,3,2,5,2,2,2,2,5,2,2,2,3,4,4,2,2,4,3,3,4,3,3,2,1,4,2,1,3,1,2,2,3,2,2,2,3,2,2,2,2,2,3,2,2,2,2,3,2,2,2,2,5,3,3,3,4,3,4,1,1,1,2,1,1,2,2,0,0,0,0,0,1,0,0,0,0,0,3,0,0,0,0,0,3,3,2,3,2,0,1,1,2,2,2,2,1,2,0,0,1,12,12,21,16,27,11,18,12,16,14,13,15,70,0,7,0,0,0,0,7,1
"200",19,1,3,1,3,2,3,4,4,3,3,3,2,3,4,4,3,4,4,2,4,2,3,3,3,3,2,2,2,3,5,3,3,4,3,3,3,2,4,1,1,4,2,4,3,4,2,3,3,3,3,1,4,1,4,3,4,1,3,2,2,4,4,1,2,2,3,3,3,3,2,2,2,2,3,2,3,2,2,3,1,3,5,4,4,3,4,4,3,4,2,4,4,2,2,3,3,3,3,3,0,2,0,3,2,2,3,3,3,2,2,2,3,1,1,1,1,1,2,3,3,3,1,1,0,15,12,25,20,21,28,19,13,23,16,18,11,81,8,6,10,7,9,5,45,2
"201",44,1,5,3,3,2,3,3,3,3,2,3,3,3,2,3,3,2,2,2,3,3,2,2,3,3,3,3,2,3,3,2,2,2,3,3,3,3,3,2,3,3,2,3,4,4,3,3,2,4,3,2,3,2,3,3,4,3,3,3,2,4,3,3,2,2,3,4,3,2,4,3,4,4,3,3,4,3,3,3,3,3,3,4,3,3,4,3,4,3,3,3,3,3,2,3,3,3,2,3,2,3,3,3,2,3,3,3,3,1,2,2,2,1,2,2,3,3,3,3,3,3,3,3,1,25,12,20,25,25,27,19,12,20,20,19,18,89,9,9,9,9,7,7,50,2
"202",29,1,2,1,5,3,2,5,1,5,4,1,3,1,1,5,3,1,1,3,5,1,4,1,3,3,1,3,2,5,3,1,4,3,3,1,2,4,2,1,3,1,1,3,4,4,1,2,1,1,3,1,4,1,4,1,3,1,3,1,2,4,4,4,1,1,4,4,2,1,3,3,5,5,3,1,2,1,1,3,3,4,3,3,3,3,3,3,2,2,5,2,3,0,0,0,3,3,3,1,0,0,0,2,2,0,0,0,1,1,1,2,3,2,2,1,3,3,3,3,3,3,3,2,3,26,12,15,32,18,24,8,7,21,13,20,11,72,0,4,7,1,8,0,20,1
"203",29,3,3,3,5,3,4,4,3,4,1,2,4,2,1,4,2,4,1,3,2,3,4,3,1,3,3,3,5,5,3,3,4,4,5,2,3,1,3,5,3,2,2,2,1,2,3,1,1,3,2,1,3,1,1,3,1,2,2,1,1,2,2,1,1,1,2,2,2,2,1,1,5,5,5,2,5,2,4,3,3,3,3,3,2,4,3,3,2,5,4,0,0,0,0,0,1,1,0,0,0,0,1,1,0,0,0,0,1,2,3,3,2,1,1,1,1,1,3,2,1,1,1,0,0,10,13,28,39,25,26,20,8,12,12,9,9,50,0,3,2,0,0,0,5,2
"204",22,2,3,1,2,3,1,5,1,4,5,1,4,5,2,5,4,2,2,4,4,1,2,3,4,3,2,4,2,2,4,2,5,1,3,2,2,4,2,1,3,4,2,3,4,4,2,2,2,4,4,2,3,2,3,4,3,2,3,2,2,3,3,2,2,3,4,3,2,1,3,2,4,4,2,1,1,1,2,3,2,4,3,3,2,2,2,2,1,2,2,1,2,1,0,0,3,1,0,2,0,0,3,2,0,1,0,0,4,1,2,3,3,1,2,1,2,2,0,2,3,3,1,0,0,13,13,16,22,17,16,12,11,20,20,16,14,81,0,10,4,4,2,0,20,2
"205",26,2,5,3,4,4,4,4,3,4,4,2,4,3,1,4,4,3,1,4,5,2,3,1,1,2,2,4,2,4,3,1,3,2,4,1,2,3,4,4,3,4,2,2,4,3,3,1,1,1,2,1,2,3,1,2,2,2,1,3,1,1,1,1,1,1,2,1,1,1,1,3,5,5,5,2,2,2,1,4,3,4,3,2,2,2,2,2,3,3,2,2,1,1,0,0,1,0,0,0,0,0,0,1,0,1,1,0,0,3,2,3,1,1,2,1,1,2,2,2,2,2,1,1,0,13,13,23,35,21,18,13,7,12,7,7,18,51,0,1,3,2,1,1,8,2
"206",21,1,3,4,3,5,3,4,4,3,3,3,4,4,2,3,2,3,2,4,3,3,4,3,2,3,3,4,4,3,3,3,4,4,3,3,2,2,4,3,3,4,2,2,3,3,3,4,2,1,1,3,3,2,2,3,3,2,2,3,1,1,2,1,3,2,2,1,1,2,1,2,4,4,4,2,3,3,3,3,3,4,3,1,2,4,2,2,2,4,2,1,3,1,0,0,1,1,0,0,0,0,0,2,1,0,0,0,0,2,2,2,2,2,2,1,3,3,3,3,3,3,0,0,2,20,13,31,27,24,19,21,13,14,10,11,15,63,0,1,4,1,4,0,10,2
"207",37,3,2,4,5,1,5,2,5,5,2,4,3,4,1,2,3,5,1,4,2,2,4,1,2,3,4,2,3,5,3,4,3,3,5,4,2,3,4,5,2,3,3,1,3,2,4,1,2,1,1,3,3,4,2,1,1,3,1,4,2,2,1,1,3,1,4,1,4,1,1,2,5,5,4,4,4,4,4,3,3,4,4,5,3,3,2,4,3,3,3,0,3,1,0,0,0,0,1,1,0,0,1,0,3,1,0,0,1,2,1,3,2,1,2,3,0,0,0,0,0,1,0,0,0,1,14,32,39,30,26,24,14,9,6,14,20,63,0,2,0,3,7,0,12,1
"208",26,3,5,5,3,2,4,5,5,4,4,3,3,2,2,2,4,5,3,2,3,2,5,1,2,1,3,3,5,2,4,3,4,5,2,3,3,2,3,4,4,1,1,2,4,4,1,1,2,3,2,1,2,3,1,3,3,2,2,2,1,1,2,1,1,2,2,3,1,1,1,3,4,3,4,1,2,4,3,5,2,3,2,4,3,2,4,3,2,4,5,0,3,0,0,0,3,0,1,0,0,0,2,0,0,0,0,0,2,3,3,1,1,2,1,3,0,0,0,1,0,0,1,1,0,3,14,35,26,22,27,19,7,15,14,7,15,58,0,7,0,0,4,0,11,1
"209",27,1,6,1,4,5,3,5,4,4,4,1,4,3,4,3,4,4,4,4,5,2,4,4,3,2,2,4,4,3,2,2,5,4,4,3,2,5,4,3,3,4,2,3,3,4,2,3,3,3,4,2,3,2,2,3,4,3,3,3,2,4,3,3,2,1,3,2,4,2,2,3,2,2,3,1,2,3,1,4,4,4,3,1,2,2,2,2,1,1,2,1,2,3,0,1,3,1,1,3,0,2,3,1,0,4,0,1,3,2,2,3,3,2,1,1,2,2,0,1,2,2,1,0,3,13,14,28,25,22,13,17,13,21,14,19,16,83,4,9,3,10,3,0,29,1
"210",27,1,1,3,3,4,2,2,3,4,3,2,4,4,2,3,3,3,2,3,3,3,4,3,2,2,1,3,4,4,3,2,3,4,4,1,3,3,4,4,3,3,2,2,3,4,3,3,1,2,3,1,3,3,3,3,4,2,2,2,1,2,3,1,1,1,2,2,3,1,2,2,4,4,4,4,3,3,3,4,3,3,3,2,2,3,3,3,3,3,3,0,1,0,0,0,3,0,1,0,0,0,2,0,0,0,0,0,1,3,2,2,2,2,1,2,1,2,2,0,2,1,2,2,2,14,14,29,31,26,22,14,7,19,12,14,15,67,0,6,0,0,2,0,8,2
"211",22,1,3,1,1,2,1,3,2,4,3,1,2,1,3,3,4,2,5,1,3,1,2,1,3,3,1,2,1,1,4,1,2,3,1,1,3,1,1,1,3,2,1,2,2,4,1,1,1,4,4,1,4,2,2,3,4,1,2,1,1,4,4,1,1,2,2,2,1,1,2,2,3,1,3,3,3,3,3,3,2,3,3,4,4,2,5,4,4,5,4,0,2,2,2,2,3,1,0,2,1,3,3,1,3,2,1,4,2,3,2,3,3,1,1,1,2,2,2,2,1,2,2,0,2,15,14,13,15,23,32,7,6,22,15,11,9,63,9,8,2,6,5,4,34,2
"212",48,1,6,5,4,4,3,5,3,3,4,2,4,2,3,5,5,3,2,4,5,3,4,3,3,3,2,4,2,2,3,3,4,5,3,2,3,3,2,3,3,3,1,2,3,3,2,1,2,1,3,2,3,1,3,2,3,3,1,2,2,4,3,2,2,1,2,3,2,1,2,2,3,4,3,1,2,1,1,3,3,3,3,2,2,1,2,2,2,3,3,3,1,1,0,2,3,2,0,1,0,1,2,2,0,1,0,0,1,1,3,3,2,2,2,1,3,3,2,3,3,3,1,1,1,20,14,26,25,17,17,18,10,17,10,14,13,64,3,6,7,3,1,0,20,2
"213",25,3,3,3,3,3,2,5,4,4,4,2,4,2,2,4,5,4,2,4,4,2,5,2,1,4,2,5,5,4,4,2,5,5,3,2,4,2,2,4,4,5,1,2,3,3,1,1,1,1,2,1,3,2,3,2,3,3,2,1,1,4,4,1,1,2,4,2,4,1,2,3,4,4,5,1,2,2,2,2,2,2,2,3,2,1,2,1,1,4,1,2,3,3,3,1,4,3,1,3,3,0,4,1,0,3,3,0,4,2,3,3,2,2,2,1,0,3,2,2,1,2,2,0,1,13,15,30,31,15,15,14,6,17,11,17,13,64,1,12,6,9,4,9,41,2
"214",25,1,3,1,1,3,5,5,5,1,3,5,4,1,5,5,4,4,5,4,1,2,4,4,4,5,3,4,4,2,5,5,1,4,1,4,3,4,4,2,4,4,3,2,4,2,1,4,3,4,3,2,2,1,3,2,1,3,3,2,2,4,3,3,4,1,3,2,1,4,3,4,1,1,2,1,3,1,5,1,1,3,2,3,2,2,2,2,5,2,2,3,4,3,0,4,1,3,2,3,0,3,1,4,4,3,0,3,1,3,2,3,3,1,3,0,3,3,3,3,3,3,0,1,0,19,15,27,11,17,20,28,18,13,15,18,15,79,10,3,10,9,10,0,42,1
"215",22,1,3,3,1,2,2,2,3,1,2,2,4,5,4,4,4,3,4,5,3,4,5,2,3,4,1,4,4,3,2,3,4,2,3,3,3,4,5,3,2,2,2,3,4,4,3,3,3,3,2,2,2,3,3,2,4,3,4,3,1,2,2,2,2,3,4,3,2,1,4,3,2,2,3,4,4,2,3,2,4,3,4,4,2,2,1,2,2,2,4,2,1,2,0,1,4,3,2,3,0,0,3,3,4,2,1,2,3,2,1,2,3,2,3,3,2,2,3,3,2,2,0,0,2,16,16,30,18,26,19,17,11,17,19,16,19,82,3,10,8,7,7,1,36,2
"216",19,1,8,1,3,2,3,4,5,4,3,2,4,1,1,5,3,3,5,2,4,4,5,3,1,1,1,4,5,5,3,1,2,5,5,4,1,1,4,3,1,1,4,3,4,4,4,3,4,3,4,4,4,4,4,3,4,4,3,4,4,1,4,1,4,4,1,2,2,4,2,4,5,1,5,2,3,1,2,5,3,5,5,4,2,3,4,2,4,5,5,3,3,1,0,0,0,3,4,0,0,1,2,2,4,1,4,2,1,3,3,3,3,1,1,3,1,3,1,3,0,3,1,3,3,18,17,29,31,26,29,18,24,23,17,12,24,100,3,3,8,2,11,4,31,2
"217",31,3,3,4,3,4,3,4,3,3,3,3,4,4,4,5,4,3,4,4,4,2,5,5,3,4,2,4,4,3,5,2,4,5,3,1,2,3,3,3,4,5,1,4,4,4,2,3,1,1,4,1,4,2,3,4,4,3,2,3,1,2,4,2,1,1,3,1,2,1,4,4,2,2,3,2,3,1,2,2,1,4,2,2,2,2,2,2,2,3,1,2,3,1,3,0,4,4,0,3,3,0,4,3,0,2,4,0,4,2,3,3,3,2,2,2,1,1,3,2,2,3,2,2,2,18,17,31,22,17,16,18,6,24,13,15,18,76,0,12,9,6,3,10,40,1
"218",25,3,5,3,2,3,1,4,2,2,3,2,4,3,3,2,2,3,3,2,4,2,4,1,4,2,1,3,3,2,3,1,4,4,3,2,3,2,3,3,3,4,1,2,2,4,2,1,1,3,1,1,4,2,1,3,4,2,2,2,1,2,3,1,1,1,4,1,3,1,1,2,3,3,2,2,3,4,2,4,3,3,3,3,2,4,4,3,2,4,2,1,1,4,0,2,3,2,1,3,0,0,2,4,0,3,0,0,2,3,3,2,3,3,2,1,2,1,2,2,3,2,2,2,3,19,17,25,20,24,24,10,6,18,11,12,12,59,2,7,7,10,2,0,28,2
"219",18,2,3,4,4,5,2,3,2,4,4,2,5,5,1,3,5,2,2,5,3,2,5,4,2,5,2,5,3,4,3,2,5,2,4,2,4,5,5,5,4,5,1,4,4,4,3,3,1,4,4,1,4,3,4,2,4,4,4,4,1,4,4,4,1,4,4,4,3,1,2,3,5,4,4,3,2,3,3,1,3,2,2,1,1,1,1,1,1,1,1,0,3,2,3,4,4,1,2,1,1,3,4,3,1,1,3,2,4,3,2,3,3,1,3,2,1,2,1,3,3,3,1,3,3,20,17,28,34,19,8,16,6,24,20,22,21,93,9,12,4,4,6,7,42,2
"220",25,3,1,4,3,5,2,4,3,3,4,2,5,2,4,3,5,3,3,5,3,2,4,2,4,4,1,5,2,3,3,2,5,2,3,2,3,3,2,3,3,5,2,3,4,3,1,4,3,2,4,2,4,3,3,3,3,4,3,2,1,4,4,4,1,2,4,2,2,2,3,4,2,3,2,2,2,3,3,2,3,3,3,1,1,1,1,1,1,3,1,2,2,2,2,0,2,2,1,1,0,1,3,3,2,2,0,1,3,3,3,3,3,2,2,1,1,2,3,3,2,3,3,1,3,21,17,22,22,21,10,13,11,21,15,21,18,86,2,8,7,5,5,2,29,2
"221",47,3,1,2,5,4,3,5,2,5,5,2,4,2,2,5,3,2,2,3,5,2,2,2,2,5,1,3,3,4,5,1,4,3,4,1,5,3,3,3,5,5,2,3,3,3,2,2,1,4,4,1,4,2,2,2,4,2,4,2,1,2,4,1,1,1,2,3,2,1,2,2,4,4,4,1,1,1,1,1,1,1,1,2,2,3,3,3,2,3,1,3,2,1,0,0,1,2,0,1,0,0,4,3,0,1,0,0,3,2,3,3,3,3,2,2,3,3,3,3,2,3,3,2,3,25,18,19,33,8,19,12,7,22,16,11,13,69,0,8,8,3,2,0,21,2
"222",24,3,3,2,1,5,3,4,2,3,4,1,5,1,5,4,4,3,5,5,5,3,3,4,5,4,4,4,2,2,4,3,4,2,3,3,4,5,5,2,4,5,4,3,4,3,3,4,3,1,4,3,3,4,3,4,3,3,2,3,2,4,4,4,2,1,2,3,4,2,3,4,1,1,1,2,2,2,1,2,2,2,2,1,1,2,1,2,2,1,1,1,4,4,1,0,0,4,0,3,0,0,1,3,2,2,0,1,2,3,2,3,3,3,2,3,2,3,1,2,0,3,3,1,2,17,19,20,14,15,11,21,16,20,14,21,21,92,1,3,8,9,6,1,28,1
"223",29,2,5,5,4,5,2,5,5,5,5,1,5,5,5,5,5,5,4,5,5,1,5,1,4,5,1,5,5,3,2,1,5,4,5,1,4,5,5,5,4,5,1,4,4,4,4,4,4,2,4,3,4,3,4,4,4,4,4,4,4,4,4,4,1,4,4,4,4,2,3,4,1,2,2,1,1,1,1,1,4,2,2,1,1,1,1,1,1,1,1,3,2,4,1,3,4,2,1,4,0,0,4,3,1,4,0,0,4,3,3,3,3,1,3,3,3,3,3,3,3,3,3,0,3,24,19,39,27,13,8,8,15,24,21,24,23,107,3,12,8,12,4,1,40,2
"224",25,2,3,3,5,5,2,4,2,3,4,1,5,1,1,4,2,1,4,3,1,1,3,1,2,4,1,5,1,3,4,1,5,1,4,1,3,1,4,4,3,3,1,4,4,4,2,1,1,4,4,1,4,2,3,3,2,3,4,2,1,4,4,1,1,4,4,4,1,1,1,3,5,2,4,2,2,2,5,2,2,3,3,1,1,4,3,1,1,5,3,3,3,0,0,0,3,3,1,0,0,0,3,4,0,0,0,0,4,3,3,3,3,3,3,3,2,3,3,3,0,1,1,1,0,14,21,16,30,21,19,8,6,22,20,14,16,78,0,10,10,0,4,0,24,1
